:020000040800F2
:1000000000000220B12D0008D1210008D9210008EC
:10001000E1210008E9210008F121000800000000AA
:10002000000000000000000000000000F9210008AE
:100030000722000800000000152200082322000803
:10004000012E0008012E0008012E0008012E0008D4
:10005000012E0008012E0008012E0008012E0008C4
:10006000012E0008012E0008012E0008012E0008B4
:10007000012E0008012E0008012E0008012E0008A4
:10008000012E0008012E000835220008012E00086C
:10009000012E0008012E0008012E0008012E000884
:1000A000012E0008012E0008012E0008012E000874
:1000B00049220008012E00085D220008012E0008D8
:1000C000012E0008012E0008012E0008012E000854
:1000D000012E0008012E000871220008012E0008E0
:1000E00085220008012E0008012E0008012E0008BC
:1000F0009D220008012E0008012E0008012E000894
:10010000012E0008012E0008B9220008012E000867
:10011000012E0008012E0008012E0008012E000803
:10012000CD220008012E0008012E0008012E000833
:10013000012E00080000000000000000012E000851
:10014000012E0008012E0008012E0008012E0008D3
:10015000012E0008012E0008012E0008012E0008C3
:10016000012E0008012E0008012E0008012E0008B3
:10017000012E0008012E0008000000000000000011
:08018000012E0008012E000809
:1001900010B5054C237833B9044B13B10448AFF3C1
:1001A00000800123237010BDD40100200000000056
:1001B00078AB000808B5034B1BB103490348AFF304
:1001C000008008BD00000000D801002078AB0008C6
:1001D00001F0FF01102A2BDB10F0070F08D010F8F8
:1001E000013B013A8B422DD010F0070F42B3F6D1FC
:1001F000F0B441EA012141EA014122F007047FF015
:1002000000070023F0E80256083C85EA010586EA6B
:10021000010685FA47F5A3FA87F586FA47F6A5FAA7
:1002200087F68EB9EED1F0BC01F0FF0102F00702B3
:1002300032B110F8013B013A83EA010313B1F8D15E
:100240000020704701387047002D06BF354603383F
:10025000073815F0010F07D1013015F4807F02BF78
:10026000013015F4C03F0130F0BC0138704700BFC9
:10027000034613F8012B002AFBD1181A01387047E6
:1002800081F0004102E000BF83F0004330B54FEA47
:1002900041044FEA430594EA050F08BF90EA020FB4
:1002A0001FBF54EA000C55EA020C7FEA645C7FEA47
:1002B000655C00F0E2804FEA5454D4EB5555B8BF6A
:1002C0006D420CDD2C4480EA020281EA030382EADB
:1002D000000083EA010180EA020281EA0303362D6D
:1002E00088BF30BD11F0004F4FEA01314FF4801C40
:1002F0004CEA113102D0404261EB410113F0004F52
:100300004FEA03334CEA133302D0524263EB430308
:1003100094EA050F00F0A780A4F10104D5F1200EA6
:100320000DDB02FA0EFC22FA05F2801841F1000101
:1003300003FA0EF2801843FA05F359410EE0A5F1D5
:1003400020050EF1200E012A03FA0EFC28BF4CF006
:10035000020C43FA05F3C01851EBE37101F00045BC
:1003600007D54FF0000EDCF1000C7EEB00006EEBC9
:100370000101B1F5801F1BD3B1F5001F0CD3490853
:100380005FEA30004FEA3C0C04F101044FEA4452AA
:1003900012F5800F80F09A80BCF1004F08BF5FEA31
:1003A000500C50F1000041EB045141EA050130BD11
:1003B0005FEA4C0C404141EB0101013C28BFB1F523
:1003C000801FE9D291F0000F04BF01460020B1FA6E
:1003D00081F308BF2033A3F10B03B3F120020CDA41
:1003E0000C3208DD02F1140CC2F10C0201FA0CF01F
:1003F00021FA02F10CE002F11402D8BFC2F1200C84
:1004000001FA02F120FA0CFCDCBF41EA0C01904039
:10041000E41AA2BF01EB0451294330BD6FEA040482
:100420001F3C1CDA0C340EDC04F11404C4F120026D
:1004300020FA04F001FA02F340EA030021FA04F37F
:1004400045EA030130BDC4F10C04C4F1200220FAD6
:1004500002F001FA04F340EA0300294630BD21FA14
:1004600004F0294630BD94F0000F83F4801306BFDA
:1004700081F480110134013D4EE77FEA645C18BFCE
:100480007FEA655C29D094EA050F08BF90EA020F65
:1004900005D054EA000C04BF1946104630BD91EA5D
:1004A000030F1EBF0021002030BD5FEA545C05D160
:1004B0004000494128BF41F0004130BD14F580049F
:1004C0003CBF01F5801130BD01F0004545F0FE4113
:1004D00041F470014FF0000030BD7FEA645C1ABF48
:1004E000194610467FEA655C1CBF0B46024650EA7F
:1004F000013406BF52EA033591EA030F41F40021AB
:1005000030BD00BF90F0000F04BF0021704730B530
:100510004FF4806404F132044FF000054FF0000105
:1005200050E700BF90F0000F04BF0021704730B5C6
:100530004FF4806404F1320410F0004548BF40429B
:100540004FF000013EE700BF42004FEAE2014FEAF0
:1005500031014FEA02701FBF12F07F4393F07F4FCB
:1005600081F06051704732F07F4208BF704793F0CE
:100570007F4F04BF41F40021704730B54FF46074E1
:1005800001F0004521F000411CE700BF50EA0102E4
:1005900008BF704730B54FF000050AE050EA01028D
:1005A00008BF704730B511F0004502D5404261EBFD
:1005B00041014FF4806404F132045FEA915C3FF43E
:1005C000D8AE4FF003025FEADC0C18BF03325FEADB
:1005D000DC0C18BF033202EBDC02C2F1200300FA8C
:1005E00003FC20FA02F001FA03FE40EA0E0021FAB1
:1005F00002F11444BDE600BF70B54FF0FF0C4CF49F
:10060000E06C1CEA11541DBF1CEA135594EA0C0F50
:1006100095EA0C0F00F0DEF82C4481EA030621EA8B
:100620004C5123EA4C5350EA013518BF52EA0335C6
:1006300041F4801143F4801338D0A0FB02CE4FF078
:100640000005E1FB02E506F00042E0FB03E54FF0A8
:100650000006E1FB03569CF0000F18BF4EF0010EA0
:10066000A4F1FF04B6F5007F64F5407404D25FEA9C
:100670004E0E6D4146EB060642EAC62141EA55514F
:100680004FEAC52040EA5E504FEACE2EB4F1FD0C91
:1006900088BFBCF5E06F1ED8BEF1004F08BF5FEA0F
:1006A000500E50F1000041EB045170BD06F00046C1
:1006B00046EA010140EA020081EA0301B4EB5C046E
:1006C000C2BFD4EB0C0541EA045170BD41F4801166
:1006D0004FF0000E013C00F3AB8014F1360FDEBF8B
:1006E000002001F0004170BDC4F10004203C35DA67
:1006F0000C341BDC04F11404C4F1200500FA05F3EA
:1007000020FA04F001FA05F240EA020001F000428A
:1007100021F0004110EBD37021FA04F642EB060100
:100720005EEA430E08BF20EAD37070BDC4F10C042A
:10073000C4F1200500FA04F320FA05F001FA04F2EE
:1007400040EA020001F0004110EBD37041F10001DA
:100750005EEA430E08BF20EAD37070BDC4F12005E5
:1007600000FA05F24EEA020E20FA04F301FA05F24D
:1007700043EA020321FA04F001F0004121FA04F2F5
:1007800020EA020000EBD3705EEA430E08BF20EAC5
:10079000D37070BD94F0000F0FD101F000464000FF
:1007A00041EB010111F4801F08BF013CF7D041EA81
:1007B000060195F0000F18BF704703F00046520085
:1007C00043EB030313F4801F08BF013DF7D043EA56
:1007D0000603704794EA0C0F0CEA135518BF95EA0C
:1007E0000C0F0CD050EA410618BF52EA4306D1D193
:1007F00081EA030101F000414FF0000070BD50EAB2
:10080000410606BF1046194652EA430619D094EA3B
:100810000C0F02D150EA013613D195EA0C0F05D125
:1008200052EA03361CBF104619460AD181EA030179
:1008300001F0004141F0FE4141F470014FF0000031
:1008400070BD41F0FE4141F4780170BD70B54FF0CC
:10085000FF0C4CF4E06C1CEA11541DBF1CEA13554C
:1008600094EA0C0F95EA0C0F00F0A7F8A4EB05042E
:1008700081EA030E52EA03354FEA013100F0888025
:100880004FEA03334FF0805545EA131343EA1263EE
:100890004FEA022245EA111545EA10654FEA0026A3
:1008A0000EF000419D4208BF964244F1FD0404F55C
:1008B000407402D25B084FEA3202B61A65EB0305B8
:1008C0005B084FEA32024FF480104FF4002CB6EB75
:1008D000020E75EB030E22BFB61A754640EA0C00F5
:1008E0005B084FEA3202B6EB020E75EB030E22BF35
:1008F000B61A754640EA5C005B084FEA3202B6EB76
:10090000020E75EB030E22BFB61A754640EA9C0034
:100910005B084FEA3202B6EB020E75EB030E22BF04
:10092000B61A754640EADC0055EA060E18D04FEAC2
:10093000051545EA16754FEA06164FEAC30343EA62
:1009400052734FEAC2025FEA1C1CC0D111F4801F2F
:100950000BD141EA00014FF000004FF0004CB6E728
:1009600011F4801F04BF01430020B4F1FD0C88BFC7
:10097000BCF5E06F3FF6AFAEB5EB030C04BFB6EBD2
:10098000020C5FEA500C50F1000041EB045170BDC5
:100990000EF0004E4EEA113114EB5C04C2BFD4EBF2
:1009A0000C0541EA045170BD41F480114FF0000E76
:1009B000013C90E645EA060E8DE60CEA135594EAF2
:1009C0000C0F08BF95EA0C0F3FF43BAF94EA0C0FF5
:1009D0000AD150EA01347FF434AF95EA0C0F7FF46A
:1009E00025AF104619462CE795EA0C0F06D152EABE
:1009F00003353FF4FDAE1046194622E750EA4106A2
:100A000018BF52EA43067FF4C5AE50EA41047FF4B2
:100A10000DAF52EA43057FF4EBAE12E74FF0FF3C17
:100A200006E000BF4FF0010C02E000BF4FF0010CE8
:100A30004DF804CD4FEA410C7FEA6C5C4FEA430C61
:100A400018BF7FEA6C5C1BD001B050EA410C0CBFB0
:100A500052EA430C91EA030F02BF90EA020F002012
:100A6000704710F1000F91EA030F58BF994208BF79
:100A700090422CBFD8176FEAE37040F00100704736
:100A80004FEA410C7FEA6C5C02D150EA013C07D18D
:100A90004FEA430C7FEA6C5CD6D152EA033CD3D0D8
:100AA0005DF8040B704700BF8446104662468C46D2
:100AB0001946634600E000BF01B5FFF7B7FF002805
:100AC00048BF10F1000F01BD4DF808EDFFF7F4FF2E
:100AD0000CBF012000205DF808FB00BF4DF808EDB9
:100AE000FFF7EAFF34BF012000205DF808FB00BFDC
:100AF0004DF808EDFFF7E0FF94BF012000205DF8FE
:100B000008FB00BF4DF808EDFFF7CEFF94BF0120B2
:100B100000205DF808FB00BF4DF808EDFFF7C4FFAB
:100B200034BF012000205DF808FB00BF4FEA410CF4
:100B30007FEA6C5C02D150EA013C0AD14FEA430CD7
:100B40007FEA6C5C02D152EA033C02D14FF0000014
:100B500070474FF0010070474FEA410212F5001252
:100B600015D211D56FF47873B3EB625212D94FEAF4
:100B7000C12343F0004343EA505311F0004F23FADE
:100B800002F018BF404270474FF00000704750EA33
:100B9000013005D111F0004008BF6FF000407047F0
:100BA0004FF00000704700BF53B94AB9002908BF91
:100BB00000281CBF4FF0FF314FF0FF3000F088B924
:100BC000ADF1080C6DE904CE00F006F8DDF804E0A4
:100BD000DDE9022304B070472DE9F047089D8E46F9
:100BE00004468846002B4AD18A42174662D9B2FA97
:100BF00082F64EB1C6F1200301FA06F820FA03F39B
:100C0000B74043EA0808B4404FEA174E1FFA87FC82
:100C1000B8FBFEF1230C0EFB118843EA084301FBED
:100C20000CF29A4209D9FB1801F1FF3080F0EA80FA
:100C30009A4240F2E78002393B449A1AA3B2B2FBCF
:100C4000FEF00EFB102243EA024300FB0CFC9C4525
:100C500009D9FB1800F1FF3280F0D6809C4540F2A4
:100C6000D3803B44023840EA0140A3EB0C0300214F
:100C70001DB1F3400022C5E90032BDE8F0878B4288
:100C800005D90DB1C5E9000100210846F5E7B3FA21
:100C900083F1002946D1734502D3824200F20581D7
:100CA000841A6EEB030201209046002DE5D0C5E9C1
:100CB0000048E2E7002A00F09080B2FA82F6002EA7
:100CC00040F0A4808A1A030C4FEA174E80B2BCB2DF
:100CD0000121B2FBFEFC0EFB1C2243EA024304FB93
:100CE0000CF29A4207D9FB180CF1FF3802D29A4253
:100CF00000F2E080C4469B1AB3FBFEF20EFB1233F7
:100D000040EA034302FB04F49C4207D9FB1802F1BA
:100D1000FF3002D29C4200F2CA8002461B1B42EA0C
:100D20000C40A5E7C1F120068B4022FA06F71F43CD
:100D30000EFA01F420FA06F32EFA06FE4FEA1749DE
:100D4000234300FA01F81FFA87FCBEFBF9F01C0CE4
:100D500009FB10EE44EA0E4400FB0CFEA64502FA25
:100D600001F209D93C1900F1FF3A80F09C80A645B8
:100D700040F2998002383C44A4EB0E041FFA83FE33
:100D8000B4FBF9F309FB13444EEA044403FB0CFCE7
:100D9000A44508D93C1903F1FF3E80F08280A445A8
:100DA0007FD9023B3C4443EA0040A4EB0C04A0FB87
:100DB00002EC64457346E14662D35FD05DB1B8EBA7
:100DC000030264EB090404FA06F622FA01F31E4357
:100DD000CC40C5E9006400214FE7B1FBF2FC010CF7
:100DE00041EA0E4180B240EA01423B4638463C4669
:100DF000B846BE462026B1FBF7F1A2EB080241EA55
:100E00000C4166E7014618E710462CE7C6F12002C0
:100E10002EFA02F3B740B14020FA02F24FEA174E21
:100E20000A43B3FBFEF8BCB20EFB1833110C41EAC7
:100E3000034108FB04F9B04089454FEA104380B2F2
:100E40003ED9791808F1FF3C01D289451FD8A1EBA2
:100E50000901B1FBFEF909FB04F80EFB191192B26E
:100E600042EA0142424529D2BA1809F1FF31C4D2FF
:100E70004245C2D2A9F102013A44BEE7F0459DD2F3
:100E8000BEEB02036CEB070C0138E14696E7A7EBDB
:100E900009094944A8F1020CB1FBFEF909FB04F869
:100EA000DBE773467FE7504666E70846FDE63B44CE
:100EB000023A33E7ACF1020C3B441CE749469CE79D
:100EC000A1EB0901C446B1FBFEF909FB04F8C4E734
:100ED000704700BF80B584B000AF3B4600221A6067
:100EE0005A609A60DA60284B284A1A60264B4FF401
:100EF00080325A60244B00229A60234B01221A61EF
:100F0000214B01221A76204B002283F820201E4B11
:100F10000022DA621C4B1E4A9A621B4B0022DA60E6
:100F2000194B0222DA61184B012283F83020164B4C
:100F300000225A61144801F0FBFF0346002B01D048
:100F400000F0E0FE0E233B6001237B600723BB60C3
:100F50003B4619460C4802F04FFB0346002B01D0DC
:100F600000F0D0FE0F233B6002237B603B46194616
:100F7000054802F041FB0346002B01D000F0C2FE01
:100F800000BF1037BD4680BDF001002000200140A9
:100F90000100000F80B58AB000AF786007F114033C
:100FA00000221A605A609A60DA601A617B681B68D6
:100FB000334A93425FD100233B61324B5B6C314A31
:100FC00043F4807353642F4B5B6C03F480733B6179
:100FD0003B690023FB602B4B1B6B2A4A43F0040345
:100FE0001363284B1B6B03F00403FB60FB68302387
:100FF0007B610323BB610023FB6107F114031946E6
:10100000214803F0BDFA214B214A1A601F4B0022F0
:101010005A601E4B00229A601C4B0022DA601B4B68
:101020004FF480621A61194B4FF400625A61174BFA
:101030004FF400529A61154B4FF48072DA61134BF2
:1010400000221A62114B00225A62104802F096FEEA
:101050000346002B01D000F055FE7B680B4A9A63D3
:101060000A4A7B68936300220021122002F049FEA5
:10107000122002F062FE00BF2837BD4680BD00BFCF
:1010800000200140003802400008024038020020E1
:101090001064024080B582B000AF00237B600C4B2F
:1010A0001B6B0B4A43F480031363094B1B6B03F464
:1010B00080037B607B6800220021382002F021FE43
:1010C000382002F03AFE00BF0837BD4680BD00BFA1
:1010D0000038024080B58AB000AF07F11403002247
:1010E0001A605A609A60DA601A6100233B613C4BD7
:1010F0001B6B3B4A43F004031363394B1B6B03F038
:1011000004033B613B690023FB60354B1B6B344A96
:1011100043F080031363324B1B6B03F08003FB60CF
:10112000FB680023BB602E4B1B6B2D4A43F0010371
:1011300013632B4B1B6B03F00103BB60BB680023E5
:101140007B60274B1B6B264A43F002031363244B3F
:101150001B6B03F002037B607B6801224FF400519C
:10116000204803F0A9FB002210211F4803F0A4FB34
:101170004FF400537B610123BB610023FB6100231B
:101180003B6207F114031946164803F0F9F94FF4CE
:1011900040537B614FF48813BB610123FB6107F16E
:1011A00014031946104803F0EBF910237B61012367
:1011B000BB610023FB6100233B6207F11403194666
:1011C000094803F0DDF900220021282002F099FDF2
:1011D000282002F0B2FD00BF2837BD4680BD00BF09
:1011E00000380240000802400004024080B500AF11
:1011F000124B134A1A60114B124A5A600F4B0022CD
:101200009A600E4B0022DA600C4B4FF480421A6158
:101210000A4B00225A61094B00229A61074B0022B7
:10122000DA61064B00221A62044803F091FB034680
:10123000002B01D000F066FD00BF80BD98020020A9
:1012400000540040801A060080B58AB000AF786074
:1012500007F1140300221A605A609A60DA601A617A
:101260007B681B68194A93422BD100233B61184BC2
:101270001B6B174A43F002031363154B1B6B03F000
:1012800002033B613B69C0237B611223BB610023E6
:10129000FB6103233B6204237B6207F114031946BD
:1012A0000C4803F06DF90023FB60094B1B6C084AE6
:1012B00043F400131364064B1B6C03F40013FB6030
:1012C000FB6800BF2837BD4680BD00BF005400400A
:1012D000003802400004024080B582B000AF0B4BE2
:1012E0001B685B6A1A460A4B1B685B6A09490A4815
:1012F00007F0BAFA78607B689BB21A46064907483D
:1013000005F02CFE00BF0837BD4680BD4808002010
:10131000D808002090AB000830030020F809002016
:1013200080B58EB000AF78607B681B68914A9342AD
:1013300040F01C81904B1B7887F827308F4B1B881F
:101340009BB219468E4A97F8273053548B4B1B8813
:101350009BB201338B4A82FB03121111DA178A1AEE
:10136000322101FB02F29A1A92B2844B1A80834B0B
:101370001B889AB2844B1B889BB29A4210D1824B35
:101380001B889BB201337F4A82FB03121111DA17CB
:101390008A1A322101FB02F29A1A92B27A4B1A800F
:1013A000764B1B889BB23233774A128892B29B1AD3
:1013B000744A82FB03121111DA178A1A322101FBD7
:1013C00002F29A1A1346BB840023FB86B0E06E4BF0
:1013D0001B889BB21A46FB8E13446A4A82FB031297
:1013E0001111DA178A1A322101FB02F29A1A1346F6
:1013F0007B847B8C624AD35CDBB20D2B03D0FB8EEB
:101400000133FB8694E07B8C0A335E4A82FB031235
:101410001111DA178A1A322101FB02F29A1A1346C5
:101420003B843B8C564AD35CDBB2202B03D0FB8E33
:101430000133FB867CE000233B6319E07B8C5A1C64
:101440003B6B1A444F4B83FB02131911D317CB1A72
:10145000322101FB03F3D31A494AD35CD9B207F115
:101460000C023B6B13440A461A703B6B01333B631F
:101470003B6B082BE2DD3B7B1B027A7B1343FB615A
:10148000BB7B1B02FA7B1343BB613B7C1B027A7C58
:101490001343FB62BB7C1B02FA7C1343BB623B7DA4
:1014A000FB75FB6AB3F57A7F03D24FF47A73FB6264
:1014B00006E0FB6AB3F5AF6F02D94FF4AF63FB628E
:1014C000BB6AB3F57A7F03D24FF47A73BB6206E04E
:1014D000BB6AB3F5AF6F02D94FF4AF63BB62FB7D5C
:1014E00003F00103002B02D1FB695B4200E0FB69C2
:1014F000264A1360FB7D03F00203002B02D1BB6977
:101500005B4200E0BB69224A1360204B1B68204A03
:1015100012681146184600F0A3F81E4B1B68FA6AC1
:101520005A631C4B1B68BA6A9A63FB8E0B33FB86AB
:10153000BA8CFB8ED31A0A2B3FF749AF124B1B888C
:101540009BB21A46FB8E13440E4A82FB0312111102
:10155000DA178A1A322101FB02F29A1A92B20A4B66
:101560001A80012204490C4805F02EFD00BF3837CF
:10157000BD4680BD00440040EC0200202A0300204C
:10158000F80200201F85EB512C03002034040020BA
:101590003804002020090020F809002080B582B01E
:1015A00000AF0346FB80FB88B3F5805F23D1274B58
:1015B0001B68002B0CBF01230023DBB21A46234B10
:1015C0001A60224B1B68002B0AD0214B1B684FF47A
:1015D000AF625A631E4B1B684FF4AF629A6331E0EF
:1015E0001B4B1B684FF47A725A63194B1B684FF4FC
:1015F0007A729A6326E0FB88B3F5005F22D1154B1F
:101600001B68002B0CBF01230023DBB21A46114BD1
:101610001A60104B1B68002B10D00F4B47F2305252
:101620001A600E4B47F230521A600B4B1B680B4A84
:1016300012681146184600F013F803E0002100205C
:1016400000F00EF800BF0837BD4680BD2C04002016
:101650002009002030040020340400203804002039
:1016600080B582B000AF786039607B6807EE903A51
:10167000F8EEE77ADFED2E0AB0EE670A09F026FAF7
:10168000F0EE407ADFED2B0AB0EE670A09F03BFA84
:10169000F0EE407AFDEEE77A17EE903A7B603B6819
:1016A00007EE903AF8EEE77ADFED210AB0EE670A2E
:1016B00009F00CFAF0EE407ADFED1E0AB0EE670A90
:1016C00009F021FAF0EE407AFDEEE77A17EE903A53
:1016D0003B603B68002B08DB174B1B6800225A63FA
:1016E000154B1B683A689A6308E03B685A42124BF4
:1016F0001B685A63104B1B6800229A637B68002B9F
:1017000008DB0E4B1B680022DA630C4B1B687A68FF
:101710001A6408E07B685A42084B1B68DA63074B7F
:101720001B6800221A6400BF0837BD4680BD00BF99
:1017300000FF7FC700FF7F47680900209008002056
:1017400080B582B000AF78607B681B68044A934222
:1017500001D1FFF7C1FD00BF0837BD4680BD00BF06
:10176000001C004080B500AF1021024803F0BDF816
:1017700000BF80BD0004024080B487B000AF786035
:101780007B681B682F4A934255D12F4B1B781A4612
:101790002E4B19882E4B23F812102B4B1B781A4610
:1017A0002A4B59882B4B23F81210274B1B780133F7
:1017B000294A82FB03121111DA178A1A322101FB1E
:1017C00002F29A1AD2B2204B1A7000237B610023D6
:1017D0003B610AE01E4A3B6932F813301A467B69C6
:1017E00013447B613B6901333B613B69312BF1DD84
:1017F0007B69194AA2FB03231B099AB2174B1A8073
:101800000023FB600023BB600AE0124ABB6832F889
:1018100013301A46FB681344FB60BB680133BB609E
:10182000BB68312BF1DDFB680B4AA2FB03231B09CC
:101830009AB20A4B5A8000BF1C37BD465DF8047B44
:10184000704700BF00200140100400204403002026
:1018500048030020AC0300201F85EB511404002036
:101860002DE9904385B004AF01F0CCFA00F0E0F927
:10187000FFF730FCFFF70EFC01F020FA00F05CFEF1
:1018800000F006FE00F0DAFE00F0D8FFFFF722FBC2
:10189000FFF7ACFC01F040F800F024FF0821944869
:1018A00004F076FA0C21924804F072FA0021914873
:1018B00004F06EFA04218F4804F06AFA00218E4881
:1018C00004F066FA04218C4804F062FA04218B4883
:1018D00004F0CCFB04218A4804F0C8FB0C2289499F
:1018E000894805F071FB01228649874805F06CFBA9
:1018F00002228649864801F04DFD864804F07EF9B3
:10190000834801F059FB00F03DFA012000F0A4FAF1
:1019100000F0BAFA002000F09FFA0021002000F049
:10192000E5FB7D4B012200920ECB7C4800F0B8FB1A
:1019300000F0AAFA4FF47A7001F0D6FA002000F015
:101940008BFA774B1B881846FEF7ECFD5EA3D3E9B4
:101950000023FEF751FE02460B46104619465CA3D3
:10196000D3E90023FEF792FC02460B4690469946C7
:101970006B4B1B881846FEF7D5FD53A3D3E9002314
:10198000FEF73AFE02460B461046194650A3D3E92D
:101990000023FEF77BFC02460B46104619464FF02B
:1019A0000002604BFFF79AF80346002B01D05E4C13
:1019B00000E05E4C5A4B5B881846FEF7B3FD46A329
:1019C000D3E90023FEF718FE02460B4610461946DF
:1019D00043A3D3E90023FEF757FC02460B4610460B
:1019E000194641A3D3E90023FEF730FF02460B4618
:1019F000104619464FF000024FF00003FFF76EF853
:101A00000346002B04D04FF000024FF000031DE00E
:101A1000434B5B881846FEF785FD2FA3D3E90023CF
:101A2000FEF7EAFD02460B46104619462CA3D3E901
:101A30000023FEF729FC02460B46104619462AA34E
:101A4000D3E90023FEF702FF02460B46CDE902234D
:101A5000009442464B463649364806F005FF0021C1
:101A6000002000F043FB2C4B012200920ECB3148AA
:101A700000F016FB214B1B685A6A204B1B681B6841
:101A800003F01003102B01D12B4B00E02B4B2C4902
:101A9000284806F0E9FE1021002000F027FB294B22
:101AA000012200920ECB234800F0FAFA144B1B6877
:101AB0005A6A134B1B681B6803F01003102B43D1A9
:101AC0001D4B42E0AFF3008010CF87285CCF723F00
:101AD000295C8FC2F528CC3F9A9999999999E93F49
:101AE000000000000088A3400000000000206740C4
:101AF00090080020680900202009002048080020E4
:101B0000D8080020EC020020F8090020440300203F
:101B1000F0010020B00900206CBF00089CAB000859
:101B20001404002000001E40A8AB0008B0AB000861
:101B3000B4AB000818040020C4AB0008C8AB000810
:101B4000CCAB000860BF00082E4B2F492F4806F091
:101B50008BFE1821002000F0C9FA2D4B01220092C3
:101B60000ECB2A4800F09CFA2A4B1B681A462A49D9
:101B7000264806F079FE2021002000F0B7FA244B19
:101B8000012200920ECB214800F08AFA234B1B68F9
:101B90001A4623491D4806F067FE2821002000F060
:101BA000A5FA1B4B012200920ECB184800F078FAE0
:101BB0001C4B1B685B6B1A461B49144806F054FE0D
:101BC0003021002000F092FA114B012200920ECB3E
:101BD0000E4800F065FA134B1B689B6B1A461349BD
:101BE0000A4806F041FE3821002000F07FFA084B39
:101BF000012200920ECB054800F052FA00F044F9A1
:101C00009CE600BFC8AB0008D4AB00081804002055
:101C100060BF000834040020DCAB0008380400205A
:101C2000ECAB000820090020FCAB000808AC000861
:101C300080B594B000AF07F1200330220021184690
:101C400006F077FE07F10C0300221A605A609A60D2
:101C5000DA601A610023BB60284B1B6C274A43F0F3
:101C600080531364254B1B6C03F08053BB60BB682F
:101C700000237B60224B1B68214A43F4804313609E
:101C80001F4B1B6803F480437B607B6802233B622D
:101C90000123FB6210233B630223BB630023FB632E
:101CA00008233B64A8237B640223BB640423FB64F6
:101CB00007F12003184603F0F9FA0346002B01D080
:101CC00000F020F80F23FB6002233B6100237B61BF
:101CD0004FF4A053BB614FF48053FB6107F10C0339
:101CE0000521184603F05AFD0346002B01D000F0F1
:101CF00009F800BF5037BD4680BD00BF0038024024
:101D00000070004080B400AF72B600BF00BFFDE7B6
:101D100080B400AF00BFBD465DF8047B7047000093
:101D200080B586B004AF0346FB714FF0FF330293DA
:101D300001230193FB1D0093012300227821034816
:101D400002F04AFF00BF0837BD4680BD9802002060
:101D500080B586B004AF786039603B689BB24FF0C5
:101D6000FF32029201937B68009301234022782185
:101D7000034802F031FF00BF0837BD4680BD00BFF9
:101D80009802002080B500AFFFF7C2FF642001F089
:101D9000ABF8002000F0D6F92020FFF7C1FF0020AB
:101DA000FFF7BEFFB020FFF7BBFFC820FFF7B8FF6B
:101DB0000020FFF7B5FF1020FFF7B2FF4020FFF72C
:101DC000AFFFFF2000F0AAF9A120FFF7A9FFA6208E
:101DD000FFF7A6FFA820FFF7A3FF3F20FFF7A0FF14
:101DE000A420FFF79DFFD320FFF79AFF0020FFF705
:101DF00097FFD520FFF794FFF020FFF791FFD92040
:101E0000FFF78EFF2220FFF78BFFDA20FFF788FF16
:101E10001220FFF785FFDB20FFF782FF2020FFF76E
:101E20007FFF8D20FFF77CFF1420FFF779FF012053
:101E300000F088F9002000F00FF800F025F8054BBD
:101E400000221A80034B00225A80024B01221A7191
:101E500000BF80BD3C08002080B582B000AF0346C3
:101E6000FB71FB79002B01D1002300E0FF234FF42D
:101E700080621946034806F05CFD00BF0837BD4686
:101E800080BD00BF3C04002080B582B000AF0023BD
:101E9000FB7116E0FB79503BDBB21846FFF740FFC1
:101EA0000020FFF73DFF1020FFF73AFFFB79DB0131
:101EB000084A134480211846FFF74AFFFB79013393
:101EC000FB71FB79072BE5D900BF00BF0837BD4682
:101ED00080BD00BF3C04002080B483B000AF034647
:101EE000FB710B46BB7113467B7197F90730002BD2
:101EF0003DDBBB793F2B3AD87B79012B1AD1FA799C
:101F0000BB79DB08D8B20346DB0113441B4AD35C20
:101F10005AB2BB7903F00703012101FA03F35BB264
:101F2000134359B2FA790346DB011344C9B2134A89
:101F3000D1541DE0FA79BB79DB08D8B20346DB0146
:101F400013440E4AD35C5AB2BB7903F00703012154
:101F500001FA03F35BB2DB435BB2134059B2FA7987
:101F60000346DB011344C9B2044AD15400E000BF68
:101F70000C37BD465DF8047B704700BF3C04002071
:101F800090B589B000AF0446384680E80E0023467D
:101F9000FB73FB7B1F2B02D9FB7B7E2B01D900231C
:101FA00077E03E4B1B881A463B781344802B06DCB7
:101FB0003A4B5B881A467B781344402B01DD0023A3
:101FC00067E00023FB614EE07A68FB7B203B797879
:101FD00001FB03F31946FB690B445B0013441B88A8
:101FE0007B610023BB6136E07A69BB6902FA03F3C7
:101FF00003F40043002B13D0284B1B88DAB2BB69D3
:10200000DBB21344D8B2254B5B88DAB2FB69DBB292
:102010001344DBB297F830201946FFF75DFF17E055
:102020001E4B1B88DAB2BB69DBB21344D8B21B4B20
:102030005B88DAB2FB69DBB21344D9B297F830306F
:10204000002B0CBF01230023DBB21A46FFF744FF2D
:10205000BB690133BB613B781A46BB699342C3D36A
:10206000FB690133FB617B781A46FB699342ABD372
:102070000A4B1B88BA68002A05D0B968FA7B203A57
:102080000A44127800E03A7813449AB2034B1A805B
:10209000FB7B18462437BD4690BD00BF3C0800209E
:1020A00080B586B002AFF860384680E80E0013E0D5
:1020B000FB6818783B7E00933B460ECBFFF760FF32
:1020C00003461A46FB681B789A4202D0FB681B78CD
:1020D00008E0FB680133FB60FB681B78002BE7D14D
:1020E000FB681B7818461037BD4680BD80B483B0AE
:1020F00000AF03460A46FB711346BB71FB799AB2E7
:10210000054B1A80BB799AB2034B5A8000BF0C373B
:10211000BD465DF8047B70473C08002080B584B064
:1021200000AF0346FB718123FB73FB7B1846FFF76F
:10213000F7FDFB791846FFF7F3FD00BF1037BD46EA
:1021400080BD000080B584B000AF0346FB71FB7911
:10215000002B05D0AF23FB73084B01225A7104E01A
:10216000AE23FB73054B00225A71FB7B1846FFF729
:10217000D7FD00BF1037BD4680BD00BF3C08002022
:1021800080B483B000AF00237B60104B5B6C0F4AC0
:1021900043F4804353640D4B5B6C03F480437B60DA
:1021A0007B6800233B60094B1B6C084A43F080535B
:1021B0001364064B1B6C03F080533B603B6800BF0D
:1021C0000C37BD465DF8047B704700BF0038024005
:1021D00080B400AF00BFFDE780B400AF00BFFDE7F3
:1021E00080B400AF00BFFDE780B400AF00BFFDE7E3
:1021F00080B400AF00BFFDE780B400AF00BFBD46B4
:102200005DF8047B704780B400AF00BFBD465DF849
:10221000047B704780B400AF00BFBD465DF8047B0F
:10222000704780B500AF00F03FFE01F0A0FD00BF99
:1022300080BD000080B500AF024800F09BFF00BFEA
:1022400080BD00BFF001002080B500AF024803F060
:102250009BFF00BF80BD00BF4808002080B500AFD5
:10226000024803F091FF00BF80BD00BF900800202E
:1022700080B500AF024804F0CDFE00BF80BD00BFB6
:10228000F809002080B500AF4FF4805002F048FB01
:102290004FF4005002F044FB00BF80BD80B500AF9A
:1022A000034803F071FF034803F06EFF00BF80BDD9
:1022B00020090020B009002080B500AF024803F0DB
:1022C00063FF00BF80BD00BFD808002080B500AF0D
:1022D000024801F0EBFE00BF80BD00BF38020020C5
:1022E00080B400AF01231846BD465DF8047B7047FB
:1022F00080B582B000AF7860396006F06DFB0346B0
:1023000016221A604FF0FF3318460837BD4680BDCD
:1023100080B582B000AF78604FF0FF317868FFF78A
:10232000E7FF00BFFDE780B586B000AFF860B96099
:102330007A6000237B610AE0AFF300800146BB684E
:102340005A1CBA60CAB21A707B6901337B617A6920
:102350007B689A42F0DB7B6818461837BD4680BD23
:1023600080B586B000AFF860B9607A6000237B6109
:1023700009E0BB685A1CBA601B781846AFF30080AE
:102380007B6901337B617A697B689A42F1DB7B6808
:1023900018461837BD4680BD80B483B000AF786062
:1023A0004FF0FF3318460C37BD465DF8047B70478D
:1023B00080B483B000AF786039603B684FF400525E
:1023C0005A60002318460C37BD465DF8047B704701
:1023D00080B483B000AF7860012318460C37BD4647
:1023E0005DF8047B704780B485B000AFF860B960D9
:1023F0007A60002318461437BD465DF8047B7047A9
:1024000080B586B000AF7860144A154BD31A7B6153
:102410007B693B61134B1B68002B02D1114B124AA5
:102420001A60104B1A687B6813443A699A4207D2C3
:1024300006F0D2FA03460C221A604FF0FF3309E08F
:10244000084B1B68FB60074B1A687B681344054AFE
:102450001360FB6818461837BD4680BD0000022097
:102460000004000044080020900B002080B400AF5E
:10247000064BD3F88830054A43F47003C2F888301D
:1024800000BFBD465DF8047B704700BF00ED00E073
:1024900080B58CB000AF07F10C0324220021184650
:1024A00006F047FA3B1D00221A605A60214B4FF09C
:1024B00080421A601F4B00225A601E4B00229A6015
:1024C0001C4B4FF0FF32DA601A4B00221A61194B95
:1024D00000229A610323FB6000233B6101237B619F
:1024E0000023BB610023FB6102233B6201237B626B
:1024F0000023BB620023FB6207F10C0319460D4861
:1025000003F00EFD0346002B01D0FFF7FBFB002379
:102510007B600023BB603B1D1946064804F0ECFBC2
:102520000346002B01D0FFF7EDFB00BF3037BD465F
:1025300080BD00BF4808002080B58EB000AF07F115
:10254000280300221A605A609A60DA6007F12003BB
:1025500000221A605A603B1D00221A605A609A607D
:10256000DA601A615A619A61324B334A1A60314B10
:1025700001225A602F4B00229A602E4B4FF6FF72B9
:10258000DA602C4B00221A612A4B00229A612948FA
:1025900003F0E4FA0346002B01D0FFF7B3FB4FF43E
:1025A0008053BB6207F128031946224803F09EFFBF
:1025B0000346002B01D0FFF7A5FB1E4803F08EFB5E
:1025C0000346002B01D0FFF79DFB00233B62002355
:1025D0007B6207F120031946164804F08DFB034681
:1025E000002B01D0FFF78EFB60237B600023BB60D4
:1025F0000223FB6000237B613B1D082219460D4826
:1026000003F0B2FE0346002B01D0FFF77BFB3B1D1E
:102610000C221946074803F0A7FE0346002B01D001
:10262000FFF770FB034800F0BFFA00BF3837BD4624
:1026300080BD00BF900800200008004080B58CB02D
:1026400000AF07F10C0324220021184606F071F9AF
:102650003B1D00221A605A60204B214A1A601F4B12
:1026600000225A601D4B00229A601C4B4FF0FF3233
:10267000DA601A4B00221A61184B00229A61032378
:10268000FB6000233B6101237B610023BB610023CE
:10269000FB6102233B6201237B620023BB620023B8
:1026A000FB6207F10C0319460C4803F039FC0346A2
:1026B000002B01D0FFF726FB00237B600023BB60CB
:1026C0003B1D1946054804F017FB0346002B01D0BB
:1026D000FFF718FB00BF3037BD4680BDD80800208B
:1026E000000C004080B596B000AF07F1480300220F
:1026F0001A605A609A60DA6007F1400300221A609B
:102700005A6007F1240300221A605A609A60DA6066
:102710001A615A619A613B1D20220021184606F079
:1027200008F9444B444A1A60424BA8225A60414B74
:1027300000229A603F4B49F63F42DA603D4B00224F
:102740001A613C4B00225A613A4B80229A61394807
:1027500003F004FA0346002B01D0FFF7D3FA4FF43D
:102760008053BB6407F148031946324803F0BEFEAC
:102770000346002B01D0FFF7C5FA2E4803F0AEFA4E
:102780000346002B01D0FFF7BDFA00233B64002372
:102790007B6407F140031946264804F0ADFA03466E
:1027A000002B01D0FFF7AEFA60237B620023BB62EF
:1027B0000023FB6200233B6300237B630023BB6396
:1027C0000023FB6307F1240300221946194803F094
:1027D000CBFD0346002B01D0FFF794FA07F1240349
:1027E00004221946134803F0BFFD0346002B01D015
:1027F000FFF788FA00237B600023BB600023FB60A7
:1028000000233B6100237B614FF40053BB61002335
:102810003B623B1D1946074804F0EAFA0346002BC9
:1028200001D0FFF76FFA034800F0BEF900BF583738
:10283000BD4680BD200900200004014080B58CB059
:1028400000AF07F1200300221A605A609A60DA6034
:102850003B1D00221A605A609A60DA601A615A6160
:102860009A612B4B2B4A1A60294B01225A60284B44
:1028700000229A60264B4FF6FF72DA60244B00224A
:102880001A61234B00229A61214803F067F903463D
:10289000002B01D0FFF736FA4FF480533B6207F16B
:1028A000200319461A4803F021FE0346002B01D0ED
:1028B000FFF728FA164803F011FA0346002B01D05F
:1028C000FFF720FA60237B600023BB600223FB60DC
:1028D00000237B613B1D002219460D4803F044FD97
:1028E0000346002B01D0FFF70DFA3B1D04221946C9
:1028F000074803F039FD0346002B01D0FFF702FA29
:10290000034800F051F900BF3037BD4680BD00BF1D
:10291000680900200018004080B500AF0E4B0F4A38
:102920001A600D4BA7225A600B4B00229A600A4B8B
:1029300042F21072DA60084B00221A61064B002244
:102940009A61054803F00AF90346002B01D0FFF70E
:10295000D9F900BF80BD00BFB0090020001C0040B5
:1029600080B58CB000AF786007F11C0300221A60BC
:102970005A609A60DA601A617B681B68B3F1804F15
:1029800052D10023BB61474B1B6C464A43F0010305
:102990001364444B1B6C03F00103BB61BB69002350
:1029A0007B61404B1B6B3F4A43F0010313633D4B7C
:1029B0001B6B03F001037B617B6900233B61394B97
:1029C0001B6B384A43F002031363364B1B6B03F057
:1029D00002033B613B692023FB6102233B6200232E
:1029E0007B620023BB620123FB6207F11C031946D3
:1029F0002D4801F0C5FD0823FB6102233B62002343
:102A00007B620023BB620123FB6207F11C031946B2
:102A1000264801F0B5FD002200211C2001F071F9CB
:102A20001C2001F08AF938E07B681B68204A934239
:102A300033D10023FB601B4B1B6C1A4A43F0080385
:102A40001364184B1B6C03F00803FB60FB68002346
:102A5000BB60144B1B6B134A43F001031363114B10
:102A60001B6B03F00103BB60BB680323FB61022304
:102A70003B6200237B620023BB620223FB6207F1FF
:102A80001C031946084801F07BFD0022002132207A
:102A900001F037F9322001F050F900BF3037BD4660
:102AA00080BD00BF00380240000002400004024028
:102AB000000C004080B586B000AF78607B681B6872
:102AC000344A934216D100237B61334B1B6C324A4C
:102AD00043F004031364304B1B6C03F004037B616D
:102AE0007B69002200211E2001F00BF91E2001F05D
:102AF00024F94AE07B681B68284A934216D10023D8
:102B00003B61254B5B6C244A43F002035364224B28
:102B10005B6C03F002033B613B69002200212C2027
:102B200001F0EFF82C2001F008F92EE07B681B681B
:102B30001B4A93420ED10023FB60174B1B6C164AB5
:102B400043F040031364144B1B6C03F04003FB6021
:102B5000FB681AE07B681B68124A934215D1002378
:102B6000BB600D4B1B6C0C4A43F0800313640A4B93
:102B70001B6C03F08003BB60BB68002200212C208B
:102B800001F0BFF82C2001F0D8F800BF1837BD467F
:102B900080BD00BF00080040003802400004014032
:102BA00000180040001C004080B58AB000AF78607B
:102BB00007F1140300221A605A609A60DA601A6101
:102BC0007B681B68374A93421FD100233B61364B19
:102BD0001B6B354A43F002031363334B1B6B03F04B
:102BE00002033B613B694FF440737B610223BB618D
:102BF0000023FB6100233B6202237B6207F1140385
:102C000019462A4801F0BCFC47E07B681B68284A4B
:102C100093421ED10023FB60234B1B6B224A43F0DF
:102C200004031363204B1B6B03F00403FB60FB687E
:102C3000C0237B610223BB610023FB6100233B6255
:102C400003237B6207F1140319461A4801F098FC2C
:102C500023E07B681B68184A93421ED10023BB60A7
:102C6000114B1B6B104A43F0020313630E4B1B6B9B
:102C700003F00203BB60BB684FF440437B61022357
:102C8000BB610023FB6100233B6209237B6207F1E8
:102C900014031946054801F073FC00BF2837BD46F0
:102CA00080BD00BF00080040003802400004024020
:102CB00000040140000802400018004080B500AF49
:102CC000114B124A1A60104B4FF4E1325A600E4B0E
:102CD00000229A600C4B0022DA600B4B00221A6132
:102CE000094B0C225A61084B00229A61064B0022C4
:102CF000DA61054804F0E2F80346002B01D0FFF743
:102D000001F800BF80BD00BFF8090020004400406A
:102D100080B58AB000AF786007F1140300221A6012
:102D20005A609A60DA601A617B681B681D4A934298
:102D300033D100233B611C4B1B6C1B4A43F4003313
:102D40001364194B1B6C03F400333B613B69002394
:102D5000FB60154B1B6B144A43F001031363124BCA
:102D60001B6B03F00103FB60FB680C237B610223F8
:102D7000BB610023FB6103233B6207237B6207F1F6
:102D800014031946094801F0FBFB0022002126200C
:102D900000F0B7FF262000F0D0FF00BF2837BD4667
:102DA00080BD00BF004400400038024000000240E7
:102DB000DFF834D0FFF75AFB0C480D490D4A0023C9
:102DC00002E0D458C4500433C4188C42F9D30A4AE0
:102DD0000A4C002301E013600432A242FBD305F049
:102DE00001FEFEF73DFD70470000022000000020BC
:102DF000D40100201CC30008D4010020900B002047
:102E0000FEE7000080B500AF0E4B1B680D4A43F48F
:102E1000007313600B4B1B680A4A43F48063136012
:102E2000084B1B68074A43F480731360032000F0CB
:102E30005DFF0F2000F008F8FFF7A2F90023184605
:102E400080BD00BF003C024080B582B000AF78601A
:102E5000124B1A68124B1B7819464FF47A73B3FB66
:102E6000F1F3B2FBF3F3184600F075FF0346002BB5
:102E700001D001230EE07B680F2B0AD8002279686D
:102E80004FF0FF3000F03DFF064A7B6813600023DF
:102E900000E0012318460837BD4680BD0000002031
:102EA000080000200400002080B400AF064B1B780F
:102EB0001A46064B1B681344044A136000BFBD4604
:102EC0005DF8047B704700BF08000020400A002026
:102ED00080B400AF034B1B681846BD465DF8047B09
:102EE000704700BF400A002080B584B000AF786012
:102EF000FFF7EEFFB8607B68FB60FB68B3F1FF3F54
:102F000005D00A4B1B781A46FB681344FB6000BFD0
:102F1000FFF7DEFF0246BB68D31AFA689A42F7D879
:102F200000BF00BF1037BD4680BD00BF08000020B5
:102F300080B584B000AF78600023FB737B68002B02
:102F400001D1012333E07B681B6C002B09D1786829
:102F5000FEF720F87B6800225A647B68002283F821
:102F60003C207B681B6C03F01003002B18D17B689E
:102F70001B6C23F4885323F0020343F002027B68A6
:102F80001A64786800F05AFC7B6800225A647B68F7
:102F90001B6C23F0030343F001027B681A6401E019
:102FA0000123FB737B68002283F83C20FB7B1846DF
:102FB0001037BD4680BD000080B485B000AF78609A
:102FC0000023BB607B6893F83C30012B01D10223C6
:102FD000BDE07B68012283F83C207B681B689B680E
:102FE00003F00103012B18D07B681B689A687B688B
:102FF0001B6842F001029A60584B1B68584AA2FBBA
:1030000003239A0C13465B001344BB6002E0BB68C9
:10301000013BBB60BB68002BF9D17B681B689B68D8
:1030200003F00103012B40F085807B681B6C23F4C7
:10303000E06323F0010343F480727B681A647B68C9
:103040001B685B6803F48063002B07D07B681B6CF4
:1030500023F4405343F480527B681A647B681B6CF2
:1030600003F48053B3F5805F06D17B685B6C23F07B
:1030700006027B685A6402E07B6800225A647B681F
:10308000002283F83C20374BFB607B681B686FF0A5
:1030900022021A607B681B685B687A68126843F0DA
:1030A000806343F020035360FB685B6803F01F03F9
:1030B000002B2AD17B681B682B4A934215D07B6872
:1030C0001B682A4A934205D1264B5B6803F01F0315
:1030D000002B0AD07B681B68254A934236D1214BCE
:1030E0005B6803F01003002B30D17B681B689B6882
:1030F00003F04053002B29D17B681B689A687B68DA
:103100001B6842F080429A6020E07B681B68164A88
:1031100093421BD17B681B689B6803F04053002BD4
:1031200014D17B681B689A687B681B6842F08042F8
:103130009A600BE07B681B6C43F010027B681A649A
:103140007B685B6C43F001027B685A64002318467D
:103150001437BD465DF8047B704700BF00000020B7
:1031600083DE1B4300230140002001400021014079
:103170000022014080B586B000AF786000237B61FB
:1031800000233B617B681B681B68FB607B681B68D6
:103190005B68BB60FB6803F002037B61BB6803F004
:1031A00020033B617B69002B49D03B69002B46D053
:1031B0007B681B6C03F01003002B05D17B681B6C34
:1031C00043F400727B681A647B681B689B6803F099
:1031D0004053002B2BD17B681B7E002B27D17B68B3
:1031E0001B68DB6A03F47003002B06D07B681B6846
:1031F0009B6803F48063002B19D17B681B685A68B5
:103200007B681B6822F020025A607B681B6C23F4E9
:1032100080727B681A647B681B6C03F48053002BFC
:1032200005D17B681B6C43F001027B681A647868E7
:10323000FEF7A2FA7B681B686FF012021A60FB6847
:1032400003F004037B61BB6803F080033B617B698F
:10325000002B57D03B69002B54D07B681B6C03F0CC
:103260001003002B05D17B681B6C43F400527B6874
:103270001A647B681B689B6803F44013002B39D1E8
:103280007B681B689B6B03F44013002B06D07B68A4
:103290001B689B6803F48063002B2BD17B681B6841
:1032A0005B6803F48063002B24D17B681B689B68F8
:1032B00003F04053002B1DD17B681B7E002B19D1DE
:1032C0007B681B685A687B681B6822F080025A6022
:1032D0007B681B6C23F480527B681A647B681B6CD0
:1032E00003F48073002B05D17B681B6C43F0010253
:1032F0007B681A64786800F01FFC7B681B686FF0BD
:103300000C021A60FB6803F001037B61BB6803F0E9
:1033100040033B617B69002B17D03B69002B14D025
:103320007B681B681B6803F00103012B0DD17B68D0
:103330001B6C43F480327B681A64786800F048F9AB
:103340007B681B686FF001021A60FB6803F02003C2
:103350007B61BB6803F080633B617B69002B15D008
:103360003B69002B12D07B685B6C43F002027B68E8
:103370005A647B681B686FF020021A60786800F05E
:1033800031F97B681B686FF020021A6000BF1837A4
:10339000BD4680BD80B588B000AFF860B9607A6086
:1033A00000237B610023FB77FB6893F83C30012B03
:1033B00001D10223EBE0FB68012283F83C20FB688B
:1033C0001B689B6803F00103012B18D0FB681B6886
:1033D0009A68FB681B6842F001029A606E4B1B689A
:1033E0006E4AA2FB03239A0C13465B0013447B61D5
:1033F00002E07B69013B7B617B69002BF9D1FB68B3
:103400001B689B6803F48073B3F5807F07D1FB686A
:103410001B689A68FB681B6822F480729A60FB68DC
:103420001B689B6803F00103012B40F0A380FB683D
:103430001B6C23F4E06323F0010343F48072FB6808
:103440001A64FB681B685B6803F48063002B07D079
:10345000FB681B6C23F4405343F48052FB681A64EE
:10346000FB681B6C03F48053B3F5805F06D1FB68E7
:103470005B6C23F00602FB685A6402E0FB680022E2
:103480005A64FB68002283F83C20454BBB61FB6813
:103490009B6B444ADA63FB689B6B434A1A64FB6884
:1034A0009B6B424ADA64FB681B686FF022021A6069
:1034B000FB681B685A68FB681B6842F080625A60B0
:1034C000FB681B689A68FB681B6842F480729A600C
:1034D000FB68986BFB681B684C331946BA687B68BD
:1034E00000F0FAFC0346FB77BB695B6803F01F033F
:1034F000002B2AD1FB681B682D4A934215D0FB682C
:103500001B682C4A934205D1254B5B6803F01F03CF
:10351000002B0AD0FB681B68274A934236D1204B08
:103520005B6803F01003002B30D1FB681B689B68BD
:1035300003F04053002B29D1FB681B689A68FB6895
:103540001B6842F080429A6020E0FB681B68184AC2
:1035500093421BD1FB681B689B6803F04053002B10
:1035600014D1FB681B689A68FB681B6842F08042B4
:103570009A600BE0FB681B6C43F01002FB681A6456
:10358000FB685B6C43F00102FB685A64FB7F1846E2
:103590002037BD4680BD00BF0000002083DE1B43F6
:1035A00000230140353A0008EF3A00080B3B0008C1
:1035B00000200140002101400022014080B483B07E
:1035C00000AF786000BF0C37BD465DF8047B7047E4
:1035D00080B483B000AF786000BF0C37BD465DF8A3
:1035E000047B704780B483B000AF786000BF0C37B5
:1035F000BD465DF8047B704780B485B000AF78604D
:1036000039600023BB607B6893F83C30012B01D10B
:10361000022305E17B68012283F83C203B681B689C
:10362000092B25D97B681B68D9683B681B689BB24E
:103630001A4613465B0013441E3B072202FA03F3AB
:10364000DA437B681B680A40DA607B681B68D968CC
:103650003B689A683B681B689BB2184603465B0050
:1036600003441E3B9A407B681B680A43DA6022E0F1
:103670007B681B6819693B681B689BB21A46134636
:103680005B001344072202FA03F3DA437B681B68EA
:103690000A401A617B681B6819693B689A683B6835
:1036A0001B689BB2184603465B0003449A407B6844
:1036B0001B680A431A613B685B68062B24D87B6849
:1036C0001B68596B3B685A6813469B001344053BC3
:1036D0001F2202FA03F3DA437B681B680A405A632D
:1036E0007B681B68596B3B681B689BB218463B683C
:1036F0005A6813469B001344053B00FA03F27B68AB
:103700001B680A435A634CE03B685B680C2B24D867
:103710007B681B68196B3B685A6813469B0013440F
:10372000233B1F2202FA03F3DA437B681B680A403B
:103730001A637B681B68196B3B681B689BB2184651
:103740003B685A6813469B001344233B00FA03F27C
:103750007B681B680A431A6323E07B681B68D96A8D
:103760003B685A6813469B001344413B1F2202FAF0
:1037700003F3DA437B681B680A40DA627B681B68E4
:10378000D96A3B681B689BB218463B685A68134667
:103790009B001344413B00FA03F27B681B680A4319
:1037A000DA62224BFB607B681B68214A934209D195
:1037B0003B681B68122B05D1FB685B6843F48002F1
:1037C000FB685A607B681B68194A934223D13B68A7
:1037D0001B68102B03D03B681B68112B1BD1FB68A7
:1037E0005B6843F40002FB685A603B681B68102B5F
:1037F00011D1104B1B68104AA2FB03239A0C1346ED
:103800009B0013445B00BB6002E0BB68013BBB60F4
:10381000BB68002BF9D17B68002283F83C20002391
:1038200018461437BD465DF8047B704700230140FD
:10383000002001400000002083DE1B4380B485B0DF
:1038400000AF7860794BFB60FB685B6823F4403223
:10385000FB685A60FB685A687B685B681A43FB68C0
:103860005A607B681B685A687B681B6822F4807208
:103870005A607B681B6859687B681B691A027B6801
:103880001B680A435A607B681B685A687B681B6820
:1038900022F040725A607B681B6859687B689A689E
:1038A0007B681B680A435A607B681B689A687B6860
:1038B0001B6822F400629A607B681B6899687B68C9
:1038C000DA687B681B680A439A607B689B6A584A7F
:1038D000934222D07B681B689A687B681B6822F041
:1038E00070629A607B681B6899687B689A6A7B68DB
:1038F0001B680A439A607B681B689A687B681B6830
:1039000022F040529A607B681B6899687B68DA6A8B
:103910007B681B680A439A600FE07B681B689A68A3
:103920007B681B6822F070629A607B681B689A68EB
:103930007B681B6822F040529A607B681B689A681B
:103940007B681B6822F002029A607B681B6899689A
:103950007B681B7E5A007B681B680A439A607B6801
:1039600093F82030002B1BD07B681B685A687B685B
:103970001B6842F400625A607B681B685A687B6867
:103980001B6822F460425A607B681B6859687B6838
:103990005B6A013B5A037B681B680A435A6007E075
:1039A0007B681B685A687B681B6822F400625A6057
:1039B0007B681B68DA6A7B681B6822F47002DA6233
:1039C0007B681B68D96A7B68DB69013B1A057B68E9
:1039D0001B680A43DA627B681B689A687B681B680D
:1039E00022F400729A607B681B6899687B6893F880
:1039F00030305A027B681B680A439A607B681B68F8
:103A00009A687B681B6822F480629A607B681B68F6
:103A100099687B685B699A027B681B680A439A60B5
:103A200000BF1437BD465DF8047B7047002301409A
:103A30000100000F80B584B000AF78607B689B6B9D
:103A4000FB60FB681B6C03F05003002B3CD1FB6850
:103A50001B6C43F40072FB681A64FB681B689B686C
:103A600003F04053002B2BD1FB681B7E002B27D18A
:103A7000FB681B68DB6A03F47003002B06D0FB684D
:103A80001B689B6803F48063002B19D1FB681B68DB
:103A90005A68FB681B6822F020025A60FB681B6CA6
:103AA00023F48072FB681A64FB681B6C03F4805378
:103AB000002B05D1FB681B6C43F00102FB681A6404
:103AC000F868FDF759FE0EE0FB681B6C03F010036D
:103AD000002B03D0F868FFF785FD04E0FB689B6BC3
:103AE000DB6C7868984700BF1037BD4680BD80B555
:103AF00084B000AF78607B689B6BFB60F868FFF771
:103B00005DFD00BF1037BD4680BD80B584B000AFFD
:103B100078607B689B6BFB60FB6840221A64FB68E3
:103B20005B6C43F00402FB685A64F868FFF75AFDC7
:103B300000BF1037BD4680BD80B483B000AF786051
:103B400000BF0C37BD465DF8047B704780B485B07C
:103B500000AF78607B6803F00703FB600C4BDB6809
:103B6000BB60BA684FF6FF031340BB60FB681A02E4
:103B7000BB68134343F0BF6343F40033BB60044AA4
:103B8000BB68D36000BF1437BD465DF8047B704747
:103B900000ED00E080B400AF044BDB681B0A03F0CB
:103BA00007031846BD465DF8047B704700ED00E052
:103BB00080B483B000AF0346FB7197F90730002B48
:103BC0000BDBFB7903F01F02074997F907305B090C
:103BD000012000FA02F241F8232000BF0C37BD4655
:103BE0005DF8047B704700BF00E100E080B483B063
:103BF00000AF03463960FB7197F90730002B0ADBF1
:103C00003B68DAB20C4997F907301201D2B20B4483
:103C100083F800230AE03B68DAB20849FB7903F035
:103C20000F03043B1201D2B20B441A7600BF0C37CB
:103C3000BD465DF8047B704700E100E000ED00E068
:103C400080B489B000AFF860B9607A60FB6803F0B7
:103C50000703FB61FB69C3F10703042B28BF04239F
:103C6000BB61FB690433062B02D9FB69033B00E00F
:103C700000237B614FF0FF32BB6902FA03F3DA43A2
:103C8000BB681A407B699A404FF0FF317B6901FAAB
:103C900003F3D9437B680B40134318462437BD46D2
:103CA0005DF8047B7047000080B582B000AF78609B
:103CB0007B68013BB3F1807F01D301230FE00A4A07
:103CC0007B68013B53600F214FF0FF30FFF78EFF01
:103CD000054B00229A60044B07221A600023184605
:103CE0000837BD4680BD00BF10E000E080B582B05F
:103CF00000AF78607868FFF729FF00BF0837BD463E
:103D000080BD80B586B000AF0346B9607A60FB73B2
:103D100000237B61FFF73EFF78617A68B9687869B4
:103D2000FFF78EFF024697F90F3011461846FFF74E
:103D30005DFF00BF1837BD4680BD80B582B000AFC3
:103D40000346FB7197F907301846FFF731FF00BFB4
:103D50000837BD4680BD80B582B000AF7860786816
:103D6000FFF7A2FF034618460837BD4680BD80B561
:103D700000AFFDF7F7FC00BF80BD000080B586B046
:103D800000AF786000237B61FFF7A2F838617B68A1
:103D9000002B01D1012399E07B68022283F83520B2
:103DA0007B68002283F834207B681B681A687B6874
:103DB0001B6822F001021A600FE0FFF789F8024643
:103DC0003B69D31A052B08D97B6820225A657B688A
:103DD000032283F83520032378E07B681B681B6887
:103DE00003F00103002BE8D17B681B681B687B6133
:103DF0007A69384B13407B617B685A687B689B68A3
:103E00001A437B68DB681A437B681B691A437B682B
:103E10005B691A437B689B691A437B68DB691A43B9
:103E20007B681B6A13437A6913437B617B685B6A17
:103E3000042B07D17B68DA6A7B681B6B13437A69B2
:103E400013437B617B681B687A691A607B681B6817
:103E50005B697B617B6923F007037B617B685B6A3D
:103E60007A6913437B617B685B6A042B17D17B689B
:103E70009B6A7A6913437B617B68DB6A002B0ED0F7
:103E8000786800F001FB0346002B08D07B684022D5
:103E90005A657B68012283F83520012316E07B6890
:103EA0001B687A695A61786800F0B8FA0346FB60CB
:103EB0007B68DB6D3F229A40FB689A607B6800223A
:103EC0005A657B68012283F835200023184618378D
:103ED000BD4680BD3F8010F080B586B000AFF86071
:103EE000B9607A603B600023FB75FB689B6D3B61AA
:103EF000FB6893F83430012B01D1022340E0FB68CA
:103F0000012283F83420FB6893F83530DBB2012BB3
:103F10002FD1FB68022283F83520FB6800225A6506
:103F20003B687A68B968F86800F04AFAFB68DB6DAC
:103F30003F229A403B699A60FB681B681A68FB68DD
:103F40001B6842F016021A60FB681B6C002B07D03E
:103F5000FB681B681A68FB681B6842F008021A605D
:103F6000FB681B681A68FB681B6842F001021A6054
:103F700005E0FB68002283F834200223FB75FB7DFB
:103F800018461837BD4680BD80B584B000AF786054
:103F90007B689B6DFB60FEF79BFFB8607B6893F8C6
:103FA0003530DBB2022B08D07B6880225A657B68F3
:103FB000002283F83420012352E07B681B681A68D2
:103FC0007B681B6822F016021A607B681B685A69BE
:103FD0007B681B6822F080025A617B681B6C002B97
:103FE00003D17B689B6C002B07D07B681B681A6829
:103FF0007B681B6822F008021A607B681B681A68DD
:104000007B681B6822F001021A6013E0FEF760FF74
:104010000246BB68D31A052B0CD97B6820225A654F
:104020007B68032283F835207B68002283F83420E4
:10403000032315E07B681B681B6803F00103002B5A
:10404000E4D17B68DB6D3F229A40FB689A607B6815
:10405000012283F835207B68002283F83420002376
:1040600018461037BD4680BD80B483B000AF78607D
:104070007B6893F83530DBB2022B04D07B6880225A
:104080005A6501230CE07B68052283F835207B68A4
:104090001B681A687B681B6822F001021A60002303
:1040A00018460C37BD465DF8047B704780B586B076
:1040B00000AF78600023BB608E4B1B688E4AA2FB6A
:1040C00003239B0A7B617B689B6D3B613B691B689B
:1040D000FB607B68DB6D08229A40FB681340002B75
:1040E0001AD07B681B681B6803F00403002B13D0F5
:1040F0007B681B681A687B681B6822F004021A60E0
:104100007B68DB6D08229A403B699A607B685B6D37
:1041100043F001027B685A657B68DB6D01229A409F
:10412000FB681340002B12D07B681B685B6903F0AF
:104130008003002B0BD07B68DB6D01229A403B692A
:104140009A607B685B6D43F002027B685A657B680E
:10415000DB6D04229A40FB681340002B12D07B6871
:104160001B681B6803F00203002B0BD07B68DB6D20
:1041700004229A403B699A607B685B6D43F00402BD
:104180007B685A657B68DB6D10229A40FB681340A0
:10419000002B43D07B681B681B6803F00803002BCF
:1041A0003CD07B68DB6D10229A403B699A607B684B
:1041B0001B681B6803F48023002B18D07B681B68E6
:1041C0001B6803F40023002B08D17B681B6C002BB9
:1041D00024D07B681B6C786898471FE07B689B6CD9
:1041E000002B1BD07B689B6C7868984716E07B6837
:1041F0001B681B6803F48073002B07D17B681B6866
:104200001A687B681B6822F008021A607B681B6CC6
:10421000002B03D07B681B6C786898477B68DB6D4C
:1042200020229A40FB681340002B00F08F807B68AF
:104230001B681B6803F01003002B00F087807B686D
:10424000DB6D20229A403B699A607B6893F8353099
:10425000DBB2052B36D17B681B681A687B681B684C
:1042600022F016021A607B681B685A697B681B681B
:1042700022F080025A617B681B6C002B03D17B68A3
:104280009B6C002B07D07B681B681A687B681B68D7
:1042900022F008021A607B68DB6D3F229A403B697E
:1042A0009A607B68012283F835207B68002283F8BE
:1042B00034207B681B6D002B7ED07B681B6D78687B
:1042C000984779E07B681B681B6803F48023002B08
:1042D0001DD07B681B681B6803F40023002B0DD1E5
:1042E0007B685B6C002B31D07B685B6C786898478F
:1042F0002CE000BF00000020B5814E1B7B68DB6B0B
:10430000002B23D07B68DB6B786898471EE07B68C6
:104310001B681B6803F48073002B0FD17B681B683C
:104320001A687B681B6822F010021A607B68012201
:1043300083F835207B68002283F834207B68DB6BB0
:10434000002B03D07B68DB6B786898477B685B6DDC
:10435000002B32D07B685B6D03F00103002B22D071
:104360007B68052283F835207B681B681A687B68A8
:104370001B6822F001021A60BB680133BB607A69D6
:104380009A4207D37B681B681B6803F00103002B6C
:10439000F2D100E000BF7B68012283F835207B6802
:1043A000002283F834207B68DB6C002B05D07B680F
:1043B000DB6C7868984700E000BF1837BD4680BDC9
:1043C00080B485B000AFF860B9607A603B60FB688C
:1043D0001B681A68FB681B6822F480221A60FB685D
:1043E0001B683A685A60FB689B68402B08D1FB68E1
:1043F0001B687A689A60FB681B68BA68DA6007E035
:10440000FB681B68BA689A60FB681B687A68DA60A8
:1044100000BF1437BD465DF8047B704780B485B09B
:1044200000AF78607B681B68DBB2103B144AA2FBCC
:1044300003231B09FB60134AFB6813441B781A46CD
:104440007B68DA65FB68032B09D97B681B6823F45A
:104450007F7323F003031A1D7B689A6507E07B686E
:104460001B6823F47F7323F003037A6893657B68EA
:104470009B6D18461437BD465DF8047B704700BF3E
:10448000ABAAAAAA90BF000880B485B000AF78603C
:104490000023FB737B689B6ABB607B689B69002B76
:1044A0001FD1BB68032B56D801A252F823F000BFDE
:1044B000C1440008D3440008C1440008574500081F
:1044C0007B68DB6A03F08073002B46D00123FB730B
:1044D00043E07B68DB6AB3F1C07F40D10123FB730B
:1044E0003DE07B689B69B3F5005F21D1BB68032B7E
:1044F00037D801A252F823F0094500080F450008FB
:1045000009450008214500080123FB7330E07B6862
:10451000DB6A03F08073002B25D00123FB7322E0BC
:104520007B68DB6AB3F1C07F1FD10123FB731CE002
:10453000BB68022B03D9BB68032B03D018E001230F
:10454000FB7315E07B68DB6A03F08073002B0ED0F1
:104550000123FB730BE000BF0AE000BF08E000BFCF
:1045600006E000BF04E000BF02E000BF00E000BFC3
:10457000FB7B18461437BD465DF8047B704700BFCF
:1045800080B489B000AF7860396000237B6100237C
:104590003B610023BB610023FB616BE10122FB69EE
:1045A00002FA03F37B613B681B687A6913403B6145
:1045B0003A697B699A4240F05A813B685B6803F034
:1045C0000303012B05D03B685B6803F00303022B58
:1045D00030D17B689B68BB61FB695B00032202FAF8
:1045E00003F3DB43BA691340BB613B68DA68FB69DC
:1045F0005B0002FA03F3BA691343BB617B68BA69D3
:104600009A607B685B68BB610122FB6902FA03F375
:10461000DB43BA691340BB613B685B681B0903F06D
:104620000102FB6902FA03F3BA691343BB617B68B9
:10463000BA695A603B685B6803F00303032B17D029
:104640007B68DB68BB61FB695B00032202FA03F352
:10465000DB43BA691340BB613B689A68FB695B0046
:1046600002FA03F3BA691343BB617B68BA69DA6083
:104670003B685B6803F00303022B23D1FB69DA0874
:104680007B68083253F82230BB61FB6903F00703F3
:104690009B000F2202FA03F3DB43BA691340BB61AC
:1046A0003B681A69FB6903F007039B0002FA03F3F6
:1046B000BA691343BB61FB69DA087B680832B969E0
:1046C00043F822107B681B68BB61FB695B00032217
:1046D00002FA03F3DB43BA691340BB613B685B68D2
:1046E00003F00302FB695B0002FA03F3BA691343A8
:1046F000BB617B68BA691A603B685B6803F440334E
:10470000002B00F0B4800023FB60604B5B6C5F4AC1
:1047100043F4804353645D4B5B6C03F48043FB6064
:10472000FB685B4AFB699B08023352F82330BB618C
:10473000FB6903F003039B000F2202FA03F3DB4340
:10474000BA691340BB617B68524A93422BD07B68A5
:10475000514A934225D07B68504A93421FD07B68D0
:104760004F4A934219D07B684E4A934213D07B68DC
:104770004D4A93420DD07B684C4A934207D07B68E8
:104780004B4A934201D107230EE008230CE0062395
:104790000AE0052308E0042306E0032304E00223E3
:1047A00002E0012300E00023FA6902F00302920014
:1047B0009340BA691343BB613549FB699B080233D7
:1047C000BA6941F823203B4B9B68BB613B69DB43E3
:1047D000BA691340BB613B685B6803F48013002B2C
:1047E00003D0BA693B691343BB61324ABB6993602A
:1047F000304BDB68BB613B69DB43BA691340BB618B
:104800003B685B6803F40013002B03D0BA693B6973
:104810001343BB61274ABB69D360264B5B68BB610E
:104820003B69DB43BA691340BB613B685B6803F4D7
:104830000033002B03D0BA693B691343BB611D4AA7
:10484000BB6953601B4B1B68BB613B69DB43BA69A7
:104850001340BB613B685B6803F48033002B03D0DB
:10486000BA693B691343BB61124ABB691360FB69B8
:104870000133FB61FB690F2B7FF690AE00BF00BFD9
:104880002437BD465DF8047B704700BF0038024006
:1048900000380140000002400004024000080240CD
:1048A000000C0240001002400014024000180240B8
:1048B000001C0240003C014080B483B000AF78602F
:1048C0000B467B8013467B707B78002B03D07A8865
:1048D0007B689A6103E07B881A047B689A6100BF59
:1048E0000C37BD465DF8047B704780B485B000AFDF
:1048F00078600B467B807B685B69FB607A88FB682D
:1049000013401A04FB68D9437B880B401A437B6829
:104910009A6100BF1437BD465DF8047B7047000004
:1049200080B582B000AF0346FB80084B5A69FB8814
:104930001340002B06D0054AFB885361FB881846BC
:10494000FCF72CFE00BF0837BD4680BD003C01408F
:1049500080B584B000AF78607B68002B01D1012363
:104960002BE17B6893F83D30DBB2002B06D17B68EE
:10497000002283F83C207868FCF766FC7B682422E0
:1049800083F83D207B681B681A687B681B6822F0EF
:1049900001021A607B681B681A687B681B6842F416
:1049A00000421A607B681B681A687B681B6822F4E7
:1049B00000421A6001F0AAF8F8607B685B68814ADF
:1049C000934207D8FB68804A934294BF0123002397
:1049D000DBB206E0FB687D4A934294BF01230023CB
:1049E000DBB2002B01D00123E7E0FB68784AA2FB91
:1049F00003239B0CBB607B681B685B6823F03F0153
:104A00007B681B68BA680A435A607B681B681B6A2C
:104A100023F03F017B685B686A4A934202D8BB6817
:104A2000013309E0BB684FF4967202FB03F3694A55
:104A3000A2FB03239B0901337A6812680B431362BC
:104A40007B681B68DB6923F44F4222F0FF027B681E
:104A50005B685C498B4219D8FB68591E7B685B68B0
:104A60005B00B1FBF3F3591C40F6FC730B40002BC9
:104A70000AD0FB68591E7B685B685B00B1FBF3F3EF
:104A80000133C3F30B0351E004234FE07B689B68C1
:104A9000002B11D1FB68581E7B6859680B465B00E0
:104AA0000B44B0FBF3F30133C3F30B03002B0CBF38
:104AB00001230023DBB212E0FB68581E7B685968B3
:104AC0000B469B000B4499000B44B0FBF3F30133FE
:104AD000C3F30B03002B0CBF01230023DBB2002B1D
:104AE00001D0012322E07B689B68002B0ED1FB687C
:104AF000581E7B6859680B465B000B44B0FBF3F310
:104B00000133C3F30B0343F400430FE0FB68581E6B
:104B10007B6859680B469B000B4499000B44B0FB23
:104B2000F3F30133C3F30B0343F44043796809689B
:104B30001343CB617B681B681B6823F0C0017B6853
:104B4000DA697B681B6A1A437B681B680A431A6030
:104B50007B681B689B6823F4034323F0FF037A6898
:104B600011697A68D26811437A6812680B439360BE
:104B70007B681B68DB6823F0FF017B685A697B68F0
:104B80009B691A437B681B680A43DA607B681B6871
:104B90001A687B681B6842F001021A607B68002279
:104BA0001A647B68202283F83D207B6800221A6308
:104BB0007B68002283F83E20002318461037BD464C
:104BC00080BD00BFA08601007F841E00FF083D005D
:104BD00083DE1B43D34D621080B588B002AFF8600E
:104BE000084611461A4603467B810B463B81134615
:104BF000FB80FEF76DF97861FB6893F83D30DBB21E
:104C0000202B40F0D9807B690093192301226D4944
:104C1000F86800F071F90346002B01D00223CCE0C4
:104C2000FB6893F83C30012B01D10223C5E0FB68FF
:104C3000012283F83C20FB681B681B6803F001031A
:104C4000012B07D0FB681B681A68FB681B6842F0E1
:104C500001021A60FB681B681A68FB681B6822F473
:104C600000621A60FB68212283F83D20FB68402225
:104C700083F83E20FB6800221A64FB683A6A5A6295
:104C8000FB68BA8C5A85FB685B8D9AB2FB681A8503
:104C9000FB684D4ADA62F8883A8979897B69019321
:104CA000BB6A00930346F86800F090F80346002BB7
:104CB00052D0012381E07A69B96AF86800F036FAC7
:104CC0000346002B0DD0FB681B6C042B07D1FB683F
:104CD0001B681A68FB681B6842F400721A600123A3
:104CE0006BE0FB685B6A1A78FB681B681A61FB68FB
:104CF0005B6A5A1CFB685A62FB681B8D013B9AB2C7
:104D0000FB681A85FB685B8D9BB2013B9AB2FB681E
:104D10005A85FB681B685B6903F00403042B1BD1F5
:104D2000FB681B8D002B17D0FB685B6A1A78FB6849
:104D30001B681A61FB685B6A5A1CFB685A62FB6855
:104D40001B8D013B9AB2FB681A85FB685B8D9BB299
:104D5000013B9AB2FB685A85FB681B8D002BAAD1D8
:104D60007A69B96AF86800F029FA0346002B0DD079
:104D7000FB681B6C042B07D1FB681B681A68FB6877
:104D80001B6842F400721A60012316E0FB681B687E
:104D90001A68FB681B6842F400721A60FB682022E4
:104DA00083F83D20FB68002283F83E20FB68002248
:104DB00083F83C20002300E0022318461837BD4644
:104DC00080BD00BF020010000000FFFF80B588B06A
:104DD00002AFF860084611461A4603467B810B462F
:104DE0003B811346FB80FB681B681A68FB681B68E5
:104DF00042F480721A607B6A00933B6A00224FF093
:104E00000111F86800F078F80346002B0DD0FB681C
:104E10001B681B6803F48073B3F5807F03D1FB68C4
:104E20004FF400721A6403235FE07B89DBB21A46F9
:104E3000FB681B6802F0FE021A617B6A3A6A2D4920
:104E4000F86800F0D3F80346002B01D001234CE0B2
:104E500000237B61FB681B685B697B61FB681B68E7
:104E60009B697B617B697A6A396AF86800F05EF950
:104E70000346002B0DD0FB681B6C042B07D1FB688D
:104E80001B681A68FB681B6842F400721A600123F1
:104E90002BE0FB88012B05D13B89DAB2FB681B684C
:104EA0001A6121E03B891B0A9BB2DAB2FB681B68DE
:104EB0001A617A6A396AF86800F038F90346002BFB
:104EC0000DD0FB681B6C042B07D1FB681B681A68AC
:104ED000FB681B6842F400721A60012305E03B89FD
:104EE000DAB2FB681B681A61002318461837BD4602
:104EF00080BD00BF0200010080B584B000AFF86043
:104F0000B9603B601346FB7148E03B68B3F1FF3F7B
:104F100044D0FDF7DDFF0246BB69D31A3A689A42D6
:104F200002D33B68002B39D1BB681B0CDBB2012BD1
:104F30000DD1FB681B685B69DA43BB6813409BB209
:104F4000002B0CBF01230023DBB21A460CE0FB68E8
:104F50001B689B69DA43BB6813409BB2002B0CBFF4
:104F600001230023DBB21A46FB799A4216D1FB6873
:104F700000221A63FB68202283F83D20FB68002290
:104F800083F83E20FB681B6C43F02002FB681A6428
:104F9000FB68002283F83C20012323E0BB681B0C44
:104FA000DBB2012B0DD1FB681B685B69DA43BB6880
:104FB00013409BB2002B0CBF01230023DBB21A4627
:104FC0000CE0FB681B689B69DA43BB6813409BB22B
:104FD000002B0CBF01230023DBB21A46FB799A4257
:104FE00093D0002318461037BD4680BD80B584B0ED
:104FF00000AFF860B9607A603B6071E0FB681B68E5
:105000005B6903F48063B3F5806F23D1FB681B6891
:105010001A68FB681B6842F400721A60FB681B6820
:105020006FF480625A61FB6800221A63FB682022D9
:1050300083F83D20FB68002283F83E20FB681B6C50
:1050400043F00402FB681A64FB68002283F83C20EA
:10505000012367E07B68B3F1FF3F41D0FDF738FFE4
:1050600002463B68D31A7A689A4202D37B68002BC7
:1050700036D1BB681B0CDBB2012B0CD1FB681B6863
:105080005B69DA43BB6813409BB2002B14BF01235A
:105090000023DBB20BE0FB681B689B69DA43BB684B
:1050A00013409BB2002B14BF01230023DBB2002B63
:1050B00016D0FB6800221A63FB68202283F83D208B
:1050C000FB68002283F83E20FB681B6C43F0200243
:1050D000FB681A64FB68002283F83C20012321E06E
:1050E000BB681B0CDBB2012B0CD1FB681B685B6936
:1050F000DA43BB6813409BB2002B14BF012300238B
:10510000DBB20BE0FB681B689B69DA43BB681340AA
:105110009BB2002B14BF01230023DBB2002B7FF4D2
:105120006DAF002318461037BD4680BD80B584B0F2
:1051300000AFF860B9607A6034E0F86800F086F893
:105140000346002B01D0012334E0BB68B3F1FF3FDD
:1051500028D0FDF7BDFE02467B68D31ABA689A4292
:1051600002D3BB68002B1DD1FB681B685B6903F091
:105170008003802B16D0FB6800221A63FB68202274
:1051800083F83D20FB68002283F83E20FB681B6CFF
:1051900043F02002FB681A64FB68002283F83C207D
:1051A000012307E0FB681B685B6903F08003802B29
:1051B000C3D1002318461037BD4680BD80B584B0EA
:1051C00000AFF860B9607A6034E0F86800F03EF84B
:1051D0000346002B01D0012334E0BB68B3F1FF3F4D
:1051E00028D0FDF775FE02467B68D31ABA689A424A
:1051F00002D3BB68002B1DD1FB681B685B6903F001
:105200000403042B16D0FB6800221A63FB682022DB
:1052100083F83D20FB68002283F83E20FB681B6C6E
:1052200043F02002FB681A64FB68002283F83C20EC
:10523000012307E0FB681B685B6903F00403042B90
:10524000C3D1002318461037BD4680BD80B483B05B
:1052500000AF78607B681B685B6903F48063B3F51B
:10526000806F1BD17B681B686FF480625A617B681A
:1052700000221A637B68202283F83D207B6800228D
:1052800083F83E207B681B6C43F004027B681A6441
:105290007B68002283F83C20012300E000231846AD
:1052A0000C37BD465DF8047B7047000080B586B0C2
:1052B00000AF78607B68002B01D1012367E27B6837
:1052C0001B6803F00103002B75D0884B9B6803F02B
:1052D0000C03042B0CD0854B9B6803F00C03082BAC
:1052E00012D1824B5B6803F48003B3F5800F0BD1BE
:1052F0007E4B1B6803F40033002B5BD07B685B683C
:10530000002B57D1012342E27B685B68B3F5803FF5
:1053100006D1764B1B68754A43F4803313601DE059
:105320007B685B68B3F5A02F0CD1704B1B686F4A8C
:1053300043F4802313606D4B1B686C4A43F4803345
:1053400013600BE0694B1B68684A23F480331360D9
:10535000664B1B68654A23F4802313607B685B6897
:10536000002B13D0FDF7B4FD386108E0FDF7B0FD68
:1053700002463B69D31A642B01D9032307E25B4B36
:105380001B6803F40033002BF0D014E0FDF7A0FD00
:10539000386108E0FDF79CFD02463B69D31A642B97
:1053A00001D90323F3E1514B1B6803F40033002BB5
:1053B000F0D100E000BF7B681B6803F00203002B04
:1053C00063D04A4B9B6803F00C03002B0BD0474B78
:1053D0009B6803F00C03082B1CD1444B5B6803F45F
:1053E0008003002B16D1414B1B6803F00203002BF6
:1053F00005D07B68DB68012B01D00123C7E13B4B63
:105400001B6823F0F8027B681B69DB0037491343F4
:105410000B603AE07B68DB68002B20D0344B012224
:105420001A60FDF755FD386108E0FDF751FD0246B1
:105430003B69D31A022B01D90323A8E12B4B1B682C
:1054400003F00203002BF0D0284B1B6823F0F80276
:105450007B681B69DB00254913430B6015E0244B77
:1054600000221A60FDF734FD386108E0FDF730FDD9
:1054700002463B69D31A022B01D9032387E11B4B58
:105480001B6803F00203002BF0D17B681B6803F05C
:105490000803002B36D07B685B69002B16D0154BB8
:1054A00001221A60FDF714FD386108E0FDF710FDD8
:1054B00002463B69D31A022B01D9032367E10B4B48
:1054C0005B6F03F00203002BF0D01BE0094B0022BE
:1054D0001A60FDF7FDFC38610EE0FDF7F9FC0246AD
:1054E0003B69D31A022B07D9032350E1003802404D
:1054F00000004742800E4742884B5B6F03F0020377
:10550000002BEAD17B681B6803F00403002B00F03A
:1055100097800023FB75814B1B6C03F08053002B9D
:105520000FD10023BB607D4B1B6C7C4A43F0805342
:1055300013647A4B1B6C03F08053BB60BB68012380
:10554000FB75774B1B6803F48073002B18D1744BE9
:105550001B68734A43F480731360FDF7B9FC38612C
:1055600008E0FDF7B5FC02463B69D31A022B01D9CE
:1055700003230CE16A4B1B6803F48073002BF0D00B
:105580007B689B68012B06D1644B1B6F634A43F019
:10559000010313671CE07B689B68052B0CD15F4BF4
:1055A0001B6F5E4A43F0040313675C4B1B6F5B4A3F
:1055B00043F0010313670BE0584B1B6F574A23F06E
:1055C00001031367554B1B6F544A23F00403136701
:1055D0007B689B68002B15D0FDF77AFC38610AE0E8
:1055E000FDF776FC02463B69D31A41F288329342BA
:1055F00001D90323CBE0494B1B6F03F00203002BBF
:10560000EED014E0FDF764FC38610AE0FDF760FCC1
:1056100002463B69D31A41F28832934201D90323EF
:10562000B5E03E4B1B6F03F00203002BEED1FB7D78
:10563000012B05D1394B1B6C384A23F0805313647E
:105640007B689B69002B00F0A180344B9B6803F0C2
:105650000C03082B5CD07B689B69022B41D1314B3A
:1056600000221A60FDF734FC386108E0FDF730FCD9
:1056700002463B69D31A022B01D9032387E0274B4B
:105680001B6803F00073002BF0D17B68DA697B683C
:105690001B6A1A437B685B6A9B011A437B689B6A9F
:1056A0005B08013B1B041A437B68DB6A1B061B4932
:1056B00013434B601B4B01221A60FDF709FC386154
:1056C00008E0FDF705FC02463B69D31A022B01D91D
:1056D00003235CE0114B1B6803F00073002BF0D038
:1056E00054E0104B00221A60FDF7F2FB386108E02D
:1056F000FDF7EEFB02463B69D31A022B01D90323C7
:1057000045E0064B1B6803F00073002BF0D13DE031
:105710007B689B69012B07D1012338E000380240E8
:1057200000700040600047421B4B5B68FB607B6879
:105730009B69012B28D0FB6803F480027B68DB693E
:105740009A4221D1FB6803F03F027B681B6A9A42B0
:105750001AD1FA6847F6C07313407A68526A920108
:10576000934211D1FB6803F440327B689B6A5B086B
:10577000013B1B049A4207D1FB6803F070627B680F
:10578000DB6A1B069A4201D0012300E00023184681
:105790001837BD4680BD00BF0038024080B584B0D8
:1057A00000AF786039607B68002B01D10123CCE029
:1057B000684B1B6803F007033A689A420CD9654BA3
:1057C0003A68D2B21A70634B1B6803F007033A6859
:1057D0009A4201D00123B8E07B681B6803F0020302
:1057E000002B20D07B681B6803F00403002B05D03E
:1057F000594B9B68584A43F4E05393607B681B689D
:1058000003F00803002B05D0534B9B68524A43F426
:1058100060439360504B9B6823F0F0027B689B6869
:105820004D4913438B607B681B6803F00103002B19
:1058300044D07B685B68012B07D1474B1B6803F49E
:105840000033002B19D101237FE07B685B68022BBA
:1058500003D07B685B68032B07D13F4B1B6803F0C9
:105860000073002B09D101236FE03B4B1B6803F051
:105870000203002B01D1012367E0374B9B6823F023
:1058800003027B685B68344913438B60FDF720FBA0
:10589000F8600AE0FDF71CFB0246FB68D31A41F2F0
:1058A0008832934201D903234FE02B4B9B6803F0CE
:1058B0000C027B685B689B009A42EBD1254B1B680E
:1058C00003F007033A689A420CD2224B3A68D2B2EC
:1058D0001A70204B1B6803F007033A689A4201D004
:1058E000012332E07B681B6803F00403002B08D01F
:1058F000194B9B6823F4E0527B68DB68164913431D
:105900008B607B681B6803F00803002B09D0124BE7
:105910009B6823F460427B681B69DB000E491343DC
:105920008B6000F021F802460B4B9B681B0903F0CB
:105930000F030A49CB5C22FA03F3094A1360094BAF
:105940001B681846FDF780FA002318461037BD463D
:1059500080BD00BF003C02400038024078BF000814
:1059600000000020040000202DE9B04F90B000AFEF
:1059700000237B630023FB6300233B630023BB63A3
:10598000594B9B6803F00C03082B0DD0082B00F239
:10599000A180002B02D0042B03D09BE0534BBB63B0
:1059A0009BE0534BBB6398E04F4B5B6803F03F03B6
:1059B0007B634D4B5B6803F48003002B28D04A4B7C
:1059C0005B689B0900223B627A623B6AC3F3080072
:1059D0000021474B03FB01F2002300FB03F31344B8
:1059E000434AA0FB0212FA620A46BA62FA6A1344F8
:1059F000FB627B6B0022BB61FA61D7E90623D7E922
:105A00000A01FBF7D1F802460B461346FB6353E04D
:105A1000354B5B689B0900223B617A613B69C3F3AC
:105A2000080A4FF0000B52465B464FF000004FF063
:105A30000001590141EAD261500102460B46B2EB26
:105A40000A0863EB0B094FF000024FF000034FEA26
:105A5000891343EA98634FEA8812B2EB080463EBB8
:105A600009054FF000024FF00003EB0043EA5473C6
:105A7000E20014461D4614EB0A033B6045EB0B03A2
:105A80007B604FF000024FF00003D7E90045294644
:105A90008B02214643EA915321468A021046194659
:105AA0007B6B0022BB60FA60D7E90223FBF77CF82E
:105AB00002460B461346FB630B4B5B681B0C03F063
:105AC000030301335B003B63FA6B3B6BB2FBF3F305
:105AD000BB6302E0054BBB6300BFBB6B184640379E
:105AE000BD46BDE8B08F00BF003802400024F4007E
:105AF000001BB70080B400AF034B1B681846BD46BF
:105B00005DF8047B704700BF0000002080B500AF47
:105B1000FFF7F0FF0246054B9B689B0A03F0070363
:105B20000349CB5C22FA03F3184680BD00380240DB
:105B300088BF000880B500AFFFF7DCFF0246054BC9
:105B40009B685B0B03F007030349CB5C22FA03F36A
:105B5000184680BD0038024088BF000880B582B07A
:105B600000AF78607B68002B01D1012341E07B68A6
:105B700093F83D30DBB2002B06D17B68002283F81E
:105B80003C207868FCF796FF7B68022283F83D2072
:105B90007B681A687B6804331946104600F096FD4E
:105BA0007B68012283F846207B68012283F83E202F
:105BB0007B68012283F83F207B68012283F8402024
:105BC0007B68012283F841207B68012283F8422010
:105BD0007B68012283F843207B68012283F84420FC
:105BE0007B68012283F845207B68012283F83D20F1
:105BF000002318460837BD4680BD000080B485B03C
:105C000000AF78607B6893F83D30DBB2012B01D0A8
:105C100001234EE07B68022283F83D207B681B68ED
:105C2000DA687B681B6842F00102DA607B681B68F7
:105C3000234A934222D07B681B68B3F1804F1DD06A
:105C40007B681B681F4A934218D07B681B681E4AFA
:105C5000934213D07B681B681C4A93420ED07B682A
:105C60001B681B4A934209D07B681B68194A934200
:105C700004D07B681B68184A934211D17B681B686B
:105C80009B6803F00703FB60FB68062B10D07B6862
:105C90001B681A687B681B6842F001021A6007E003
:105CA0007B681B681A687B681B6842F001021A60F7
:105CB000002318461437BD465DF8047B704700BFCB
:105CC000000001400004004000080040000C0040BB
:105CD00000040140004001400018004080B582B03F
:105CE00000AF78607B68002B01D1012341E07B6825
:105CF00093F83D30DBB2002B06D17B68002283F89D
:105D00003C20786800F039F87B68022283F83D2057
:105D10007B681A687B6804331946104600F0D6FC8D
:105D20007B68012283F846207B68012283F83E20AD
:105D30007B68012283F83F207B68012283F84020A2
:105D40007B68012283F841207B68012283F842208E
:105D50007B68012283F843207B68012283F844207A
:105D60007B68012283F845207B68012283F83D206F
:105D7000002318460837BD4680BD80B483B000AF0D
:105D8000786000BF0C37BD465DF8047B70470000AB
:105D900080B584B000AF786039603B68002B09D1D2
:105DA0007B6893F83E30DBB2012B14BF0123002344
:105DB000DBB222E03B68042B09D17B6893F83F30CB
:105DC000DBB2012B14BF01230023DBB215E03B68DB
:105DD000082B09D17B6893F84030DBB2012B14BF4C
:105DE00001230023DBB208E07B6893F84130DBB28B
:105DF000012B14BF01230023DBB2002B01D00123B0
:105E00007CE03B68002B04D17B68022283F83E20B3
:105E100013E03B68042B04D17B68022283F83F2007
:105E20000BE03B68082B04D17B68022283F84020FA
:105E300003E07B68022283F841207B681B68012213
:105E40003968184600F032FF7B681B682D4A934280
:105E500004D07B681B682C4A934201D1012300E0E7
:105E60000023002B07D07B681B685A6C7B681B687B
:105E700042F400425A647B681B68224A934222D053
:105E80007B681B68B3F1804F1DD07B681B681F4A7D
:105E9000934218D07B681B681D4A934213D07B68DD
:105EA0001B681C4A93420ED07B681B68164A9342BB
:105EB00009D07B681B68184A934204D07B681B6832
:105EC000164A934211D17B681B689B6803F0070355
:105ED000FB60FB68062B10D07B681B681A687B6828
:105EE0001B6842F001021A6007E07B681B681A68B1
:105EF0007B681B6842F001021A60002318461037C5
:105F0000BD4680BD00000140000401400004004087
:105F100000080040000C0040004001400018004014
:105F200080B586B000AF786039607B68002B01D106
:105F3000012397E07B6893F83D30DBB2002B06D15C
:105F40007B68002283F83C207868FCF709FD7B68B9
:105F5000022283F83D207B681B689B687A68126880
:105F600023F4804323F0070393607B681A687B68FF
:105F700004331946104600F0A9FB7B681B689B6838
:105F80007B617B681B689B693B617B681B681B6A44
:105F9000FB603B681B687A6913437B613B6923F4B0
:105FA000407323F003033B613B689A683B689B693D
:105FB0001B0213433A6913433B613B6923F440637B
:105FC00023F00C033B613B6923F4704323F0F0039F
:105FD0003B613B68DA683B68DB691B0213433A6943
:105FE00013433B613B681B691A013B681B6A1B0337
:105FF00013433A6913433B61FB6823F02203FB60C0
:10600000FB6823F08803FB603B685A683B685B6968
:106010001B011343FA681343FB607B681B687A69B2
:106020009A607B681B683A699A617B681B68FA68AA
:106030001A627B68012283F846207B68012283F87C
:106040003E207B68012283F83F207B68012283F891
:1060500042207B68012283F843207B68012283F879
:106060003D20002318461837BD4680BD80B584B05A
:1060700000AF786039607B6893F83E30FB737B68D3
:1060800093F83F30BB737B6893F842307B737B6837
:1060900093F843303B733B68002B10D1FB7B012B03
:1060A00002D17B7B012B01D0012369E07B680222B6
:1060B00083F83E207B68022283F8422031E03B686F
:1060C000042B10D1BB7B012B02D13B7B012B01D0D8
:1060D000012355E07B68022283F83F207B6802227F
:1060E00083F843201DE0FB7B012B08D1BB7B012BF8
:1060F00005D17B7B012B02D13B7B012B01D00123FE
:106100003EE07B68022283F83E207B68022283F80F
:106110003F207B68022283F842207B68022283F8BA
:1061200043203B68002B03D03B68042B08D00FE0D2
:106130007B681B6801220021184600F0B7FD16E0BD
:106140007B681B6801220421184600F0AFFD0EE0B9
:106150007B681B6801220021184600F0A7FD7B68C0
:106160001B6801220421184600F0A0FD00BF7B68D7
:106170001B681A687B681B6842F001021A600023E2
:1061800018461037BD4680BD80B584B000AF78603A
:106190007B681B68DB68FB607B681B681B69BB60F6
:1061A000BB6803F00203002B20D0FB6803F002035E
:1061B000002B1BD07B681B686FF002021A617B68A2
:1061C00001221A777B681B689B6903F00303002B8D
:1061D00003D0786800F05BFA05E0786800F04DFACB
:1061E000786800F05EFA7B6800221A77BB6803F0DB
:1061F0000403002B20D0FB6803F00403002B1BD00A
:106200007B681B686FF004021A617B6802221A77B0
:106210007B681B689B6903F44073002B03D078688C
:1062200000F035FA05E0786800F027FA786800F0A9
:1062300038FA7B6800221A77BB6803F00803002B4A
:1062400020D0FB6803F00803002B1BD07B681B6881
:106250006FF008021A617B6804221A777B681B685A
:10626000DB6903F00303002B03D0786800F00FFA1A
:1062700005E0786800F001FA786800F012FA7B68AF
:1062800000221A77BB6803F01003002B20D0FB68B4
:1062900003F01003002B1BD07B681B686FF010020B
:1062A0001A617B6808221A777B681B68DB6903F434
:1062B0004073002B03D0786800F0E9F905E07868B6
:1062C00000F0DBF9786800F0ECF97B6800221A77BF
:1062D000BB6803F00103002B0CD0FB6803F0010343
:1062E000002B07D07B681B686FF001021A61786889
:1062F000FBF726FABB6803F08003002B0CD0FB6889
:1063000003F08003002B07D07B681B686FF08002CE
:106310001A61786800F0C8FDBB6803F04003002BE9
:106320000CD0FB6803F04003002B07D07B681B6890
:106330006FF040021A61786800F0BDF9BB6803F0A5
:106340002003002B0CD0FB6803F02003002B07D0A8
:106350007B681B686FF020021A61786800F09AFD74
:1063600000BF1037BD4680BD80B586B000AFF86075
:10637000B9607A600023FB75FB6893F83C30012B11
:1063800001D10223AEE0FB68012283F83C207B6848
:106390000C2B00F29F8001A252F823F0D163000879
:1063A000D5640008D5640008D564000811640008AD
:1063B000D5640008D5640008D5640008536400085B
:1063C000D5640008D5640008D5640008936400080B
:1063D000FB681B68B968184600F01EFAFB681B686A
:1063E0009A69FB681B6842F008029A61FB681B68A7
:1063F0009A69FB681B6822F004029A61FB681B68BB
:106400009969BB681A69FB681B680A439A6164E072
:10641000FB681B68B968184600F06EFAFB681B68D9
:106420009A69FB681B6842F400629A61FB681B680A
:106430009A69FB681B6822F480629A61FB681B689A
:106440009969BB681B691A02FB681B680A439A6159
:1064500043E0FB681B68B968184600F0C3FAFB68A4
:106460001B68DA69FB681B6842F00802DA61FB68A6
:106470001B68DA69FB681B6822F00402DA61FB68BA
:106480001B68D969BB681A69FB681B680A43DA6133
:1064900023E0FB681B68B968184600F017FBFB682F
:1064A0001B68DA69FB681B6842F40062DA61FB680A
:1064B0001B68DA69FB681B6822F48062DA61FB689A
:1064C0001B68D969BB681B691A02FB681B680A4311
:1064D000DA6102E00123FB7500BFFB68002283F84C
:1064E0003C20FB7D18461837BD4680BD80B584B082
:1064F00000AF786039600023FB737B6893F83C3011
:10650000012B01D10223B4E07B68012283F83C20F7
:106510007B68022283F83D207B681B689B68BB6018
:10652000BB6823F07703BB60BB6823F47F43BB6089
:106530007B681B68BA689A603B681B68B3F5005FAC
:106540003ED0B3F5005F00F28780B3F5805F00F0C6
:106550008680B3F5805F7FD8702B1AD0702B7BD8E4
:10656000602B50D0602B77D8502B3CD0502B73D859
:10657000402B58D0402B6FD8302B64D0302B6BD8A9
:10658000202B60D0202B67D8002B5CD0102B5AD04A
:1065900062E07B6818683B6899683B685A683B68AA
:1065A000DB6800F063FB7B681B689B68BB60BB68B3
:1065B00043F07703BB607B681B68BA689A604FE062
:1065C0007B6818683B6899683B685A683B68DB6879
:1065D00000F04CFB7B681B689A687B681B6842F480
:1065E00080429A603CE07B6818683B6859683B6869
:1065F000DB681A4600F0C0FA7B681B685021184619
:1066000000F019FB2CE07B6818683B6859683B6810
:10661000DB681A4600F0DFFA7B681B6860211846C9
:1066200000F009FB1CE07B6818683B6859683B6810
:10663000DB681A4600F0A0FA7B681B684021184608
:1066400000F0F9FA0CE07B681A683B681B68194691
:10665000104600F0F0FA03E00123FB7300E000BFF6
:106660007B68012283F83D207B68002283F83C2070
:10667000FB7B18461037BD4680BD80B483B000AFA9
:10668000786000BF0C37BD465DF8047B704780B46E
:1066900083B000AF786000BF0C37BD465DF8047B67
:1066A000704780B483B000AF786000BF0C37BD4640
:1066B0005DF8047B704780B483B000AF786000BFA2
:1066C0000C37BD465DF8047B7047000080B485B090
:1066D00000AF786039607B681B68FB607B68434A69
:1066E000934213D07B68B3F1804F0FD07B68404A50
:1066F00093420BD07B683F4A934207D07B683E4A67
:10670000934203D07B683D4A934208D1FB6823F053
:106710007003FB603B685B68FA681343FB607B684F
:10672000324A93422BD07B68B3F1804F27D07B68ED
:106730002F4A934223D07B682E4A93421FD07B6816
:106740002D4A93421BD07B682C4A934217D07B681A
:106750002B4A934213D07B682A4A93420FD07B681E
:10676000294A93420BD07B68284A934207D07B6822
:10677000274A934203D07B68264A934208D1FB689C
:1067800023F44073FB603B68DB68FA681343FB60EB
:10679000FB6823F080023B685B691343FB603B6846
:1067A0009A687B68DA623B681A687B689A627B68E1
:1067B0000E4A934203D07B68104A934203D13B6850
:1067C0001A697B681A637B681B6843F004027B6864
:1067D0001A607B6801225A617B68FA681A6000BF00
:1067E0001437BD465DF8047B704700BF00000140D0
:1067F0000004004000080040000C0040000401407C
:1068000000400140004401400048014000180040A1
:10681000001C00400020004080B487B000AF7860CA
:1068200039607B681B6A7B617B681B6A23F001020D
:106830007B681A627B685B683B617B689B69FB6075
:10684000FB6823F07003FB60FB6823F00303FB602D
:106850003B681B68FA681343FB607B6923F0020303
:106860007B613B689B687A6913437B617B68204A44
:10687000934203D07B681F4A93420CD17B6923F07B
:1068800008037B613B68DB687A6913437B617B6942
:1068900023F004037B617B68154A934203D07B6835
:1068A000144A934211D13B6923F480733B613B69E5
:1068B00023F400733B613B685B693A6913433B61B6
:1068C0003B689B693A6913433B617B683A695A604C
:1068D0007B68FA689A613B685A687B685A637B6890
:1068E0007A691A6200BF1C37BD465DF8047B7047A9
:1068F000000001400004014080B487B000AF786020
:1069000039607B681B6A7B617B681B6A23F010021D
:106910007B681A627B685B683B617B689B69FB6094
:10692000FB6823F4E043FB60FB6823F44073FB60E7
:106930003B681B681B02FA681343FB607B6923F00A
:1069400020037B613B689B681B017A6913437B6171
:106950007B68224A934203D07B68214A93420DD13F
:106960007B6923F080037B613B68DB681B017A69EC
:1069700013437B617B6923F040037B617B68174A8B
:10698000934203D07B68164A934213D13B6923F4A8
:1069900080633B613B6923F400633B613B685B6957
:1069A0009B003A6913433B613B689B699B003A69D2
:1069B00013433B617B683A695A607B68FA689A6165
:1069C0003B685A687B689A637B687A691A6200BF81
:1069D0001C37BD465DF8047B704700BF00000140D6
:1069E0000004014080B487B000AF786039607B68F4
:1069F0001B6A7B617B681B6A23F480727B681A6266
:106A00007B685B683B617B68DB69FB60FB6823F04C
:106A10007003FB60FB6823F00303FB603B681B68AB
:106A2000FA681343FB607B6923F400737B613B6866
:106A30009B681B027A6913437B617B68214A9342FE
:106A400003D07B68204A93420DD17B6923F4006315
:106A50007B613B68DB681B027A6913437B617B695E
:106A600023F480637B617B68164A934203D07B6882
:106A7000154A934213D13B6923F480533B613B6930
:106A800023F400533B613B685B691B013A69134384
:106A90003B613B689B691B013A6913433B617B681F
:106AA0003A695A607B68FA68DA613B685A687B68C1
:106AB000DA637B687A691A6200BF1C37BD465DF8ED
:106AC000047B7047000001400004014080B487B09F
:106AD00000AF786039607B681B6A3B617B681B6A2A
:106AE00023F480527B681A627B685B687B617B68F9
:106AF000DB69FB60FB6823F4E043FB60FB6823F485
:106B00004073FB603B681B681B02FA681343FB6021
:106B10003B6923F400533B613B689B681B033A6964
:106B200013433B617B68124A934203D07B68114A4E
:106B3000934209D17B6923F480437B613B685B69A5
:106B40009B017A6913437B617B687A695A607B6831
:106B5000FA68DA613B685A687B681A647B683A694C
:106B60001A6200BF1C37BD465DF8047B704700BF4A
:106B7000000001400004014080B487B000AFF8601D
:106B8000B9607A60FB681B6A7B61FB681B6A23F053
:106B90000102FB681A62FB689B693B613B6923F059
:106BA000F0033B617B681B013A6913433B617B69DE
:106BB00023F00A037B617A69BB6813437B61FB683E
:106BC0003A699A61FB687A691A6200BF1C37BD4650
:106BD0005DF8047B704780B487B000AFF860B9609F
:106BE0007A60FB681B6A7B61FB681B6A23F01002FA
:106BF000FB681A62FB689B693B613B6923F4704345
:106C00003B617B681B033A6913433B617B6923F05B
:106C1000A0037B61BB681B017A6913437B61FB683E
:106C20003A699A61FB687A691A6200BF1C37BD46EF
:106C30005DF8047B704780B485B000AF7860396040
:106C40007B689B68FB60FB6823F07003FB603A681D
:106C5000FB68134343F00703FB607B68FA689A60A4
:106C600000BF1437BD465DF8047B704780B487B021
:106C700000AFF860B9607A603B60FB689B687B613D
:106C80007B6923F47F437B613B681A027B681A436C
:106C9000BB6813437A6913437B61FB687A699A6026
:106CA00000BF1C37BD465DF8047B704780B487B0D9
:106CB00000AFF860B9607A60BB6803F01F0301227F
:106CC00002FA03F37B61FB681A6A7B69DB431A40B3
:106CD000FB681A62FB681A6ABB6803F01F037968D5
:106CE00001FA03F31A43FB681A6200BF1C37BD4662
:106CF0005DF8047B7047000080B485B000AF786019
:106D000039607B6893F83C30012B01D102235AE0B3
:106D10007B68012283F83C207B68022283F83D20B7
:106D20007B681B685B68FB607B681B689B68BB605B
:106D3000FB6823F07003FB603B681B68FA68134331
:106D4000FB607B681B68FA685A607B681B68214A95
:106D5000934222D07B681B68B3F1804F1DD07B68C3
:106D60001B681D4A934218D07B681B681B4A9342DC
:106D700013D07B681B681A4A93420ED07B681B684D
:106D8000184A934209D07B681B68174A934204D083
:106D90007B681B68154A93420CD1BB6823F08003C3
:106DA000BB603B685B68BA681343BB607B681B6869
:106DB000BA689A607B68012283F83D207B680022D4
:106DC00083F83C20002318461437BD465DF8047B49
:106DD000704700BF00000140000400400008004070
:106DE000000C004000040140004001400018004039
:106DF00080B485B000AF786039600023FB607B68A9
:106E000093F83C30012B01D102233DE07B68012245
:106E100083F83C20FB6823F0FF023B68DB681343E8
:106E2000FB60FB6823F440723B689B681343FB6084
:106E3000FB6823F480623B685B681343FB60FB687C
:106E400023F400623B681B681343FB60FB6823F478
:106E500080523B681B691343FB60FB6823F40052BC
:106E60003B685B691343FB60FB6823F480423B682B
:106E7000DB691343FB607B681B68FA685A647B68B4
:106E8000002283F83C20002318461437BD465DF8E5
:106E9000047B704780B483B000AF786000BF0C37CC
:106EA000BD465DF8047B704780B483B000AF786066
:106EB00000BF0C37BD465DF8047B704780B582B0DB
:106EC00000AF78607B68002B01D1012342E07B6832
:106ED00093F84130DBB2002B06D17B68002283F8A7
:106EE00040207868FBF714FF7B68242283F8412058
:106EF0007B681B68DA687B681B6822F40052DA60E2
:106F0000786800F025FD7B681B681A697B681B6840
:106F100022F490421A617B681B685A697B681B687F
:106F200022F02A025A617B681B68DA687B681B685A
:106F300042F40052DA607B6800225A647B682022A7
:106F400083F841207B68202283F842207B6800225E
:106F50005A63002318460837BD4680BD80B485B00B
:106F600000AFF860B9601346FB80FB6893F84130CE
:106F7000DBB2202B21D1BB68002B02D0FB88002B79
:106F800001D101231AE0FB68BA681A62FB68FA882B
:106F90009A84FB68FA88DA84FB6800225A64FB68EA
:106FA000212283F84120FB681B68DA68FB681B68B4
:106FB00042F08002DA60002300E002231846143712
:106FC000BD465DF8047B704780B584B000AFF860C3
:106FD000B9601346FB80FB6893F84230DBB2202B8C
:106FE00012D1BB68002B02D0FB88002B01D10123FA
:106FF0000BE0FB6800221A63FB881A46B968F86840
:1070000000F0D2FA034600E0022318461037BD46CE
:1070100080BD000080B5BAB000AF78607B681B68A7
:107020001B68C7F8E4307B681B68DB68C7F8E03092
:107030007B681B685B69C7F8DC300023C7F8D83071
:107040000023C7F8D430D7F8E43003F00F03C7F8B3
:10705000D830D7F8D830002B0FD1D7F8E43003F070
:107060002003002B09D0D7F8E03003F02003002BD9
:1070700003D0786800F0AEFB73E2D7F8D830002B6D
:1070800000F0DE80D7F8DC3003F00103002B06D1DE
:10709000D7F8E03003F49073002B00F0D180D7F8DC
:1070A000E43003F00103002B0BD0D7F8E03003F4F9
:1070B0008073002B05D07B685B6C43F001027B681A
:1070C0005A64D7F8E43003F00403002B0BD0D7F850
:1070D000DC3003F00103002B05D07B685B6C43F0D0
:1070E00002027B685A64D7F8E43003F00203002BF5
:1070F0000BD0D7F8DC3003F00103002B05D07B6800
:107100005B6C43F004027B685A64D7F8E43003F008
:107110000803002B11D0D7F8E03003F02003002B38
:1071200005D1D7F8DC3003F00103002B05D07B68D4
:107130005B6C43F008027B685A647B685B6C002BD5
:1071400000F00A82D7F8E43003F02003002B08D0C7
:10715000D7F8E03003F02003002B02D0786800F06D
:1071600039FB7B681B685B6903F04003402B0CBF55
:1071700001230023DBB2C7F8D4307B685B6C03F0DB
:107180000803002B03D1D7F8D430002B4FD07868F8
:1071900000F044FA7B681B685B6903F04003402BF6
:1071A00041D17B681B681433C7F89C30D7F89C30FA
:1071B00053E8003FC7F89830D7F8983023F04003E1
:1071C000C7F8D0307B681B681433D7F8D020C7F8D5
:1071D000A820C7F8A430D7F8A410D7F8A82041E811
:1071E0000023C7F8A030D7F8A030002BD9D17B6896
:1071F000DB6B002B13D07B68DB6B8A4A1A657B68DC
:10720000DB6B1846FCF730FF0346002B16D07B687B
:10721000DB6B1B6D7A68D26B104698470EE078687E
:1072200000F0ACF90AE0786800F0A8F906E07868A8
:1072300000F0A4F97B6800225A648DE100BF8BE165
:107240007B681B6B012B40F06781D7F8E43003F0BB
:107250001003002B00F06081D7F8E03003F010033A
:10726000002B00F059810023BB607B681B681B6802
:10727000BB607B681B685B68BB60BB687B681B6826
:107280005B6903F04003402B40F0CE807B68DB6BF2
:107290001B685B68A7F8BE30B7F8BE30002B00F063
:1072A000A9807B689B8DB7F8BE209A4280F0A280AF
:1072B0007B68B7F8BE20DA857B68DB6BDB69B3F5EA
:1072C000807F00F088807B681B680C33C7F88830AB
:1072D000D7F8883053E8003FC7F88430D7F88430B7
:1072E00023F48073C7F8B8307B681B680C33D7F879
:1072F000B820C7F89420C7F89030D7F89010D7F886
:10730000942041E80023C7F88C30D7F88C30002B4C
:10731000D9D17B681B6814337B677B6F53E8003FD0
:107320003B673B6F23F00103C7F8B4307B681B68F1
:107330001433D7F8B420C7F88020FB67F96FD7F86B
:10734000802041E80023BB67BB6F002BE1D17B6845
:107350001B6814333B663B6E53E8003FFB65FB6DD7
:1073600023F04003C7F8B0307B681B681433D7F8AC
:10737000B020FA66BB66B96EFA6E41E800237B6600
:107380007B6E002BE3D17B68202283F842207B6850
:1073900000221A637B681B680C33FB64FB6C53E8A8
:1073A000003FBB64BB6C23F01003C7F8AC307B68B4
:1073B0001B680C33D7F8AC20BA657B65796DBA6D64
:1073C00041E800233B653B6D002BE3D17B68DB6B21
:1073D0001846FCF7D9FD7B6802225A637B689A8DB8
:1073E0007B68DB8D9BB2D31A9BB21946786800F09C
:1073F000CFF8B3E07B689B8DB7F8BE209A4240F08F
:10740000AD807B68DB6BDB69B3F5807F40F0A680E5
:107410007B6802225A637B689B8D1946786800F06E
:10742000B7F89BE0E37600087B689A8D7B68DB8D7C
:107430009BB2D31AA7F8CE307B68DB8D9BB2002BB2
:1074400000F08E80B7F8CE30002B00F089807B688A
:107450001B680C33BB63BB6B53E8003F7B637B6BE8
:1074600023F49073C7F8C8307B681B680C33D7F8D7
:10747000C8207A643B64396C7A6C41E80023FB6372
:10748000FB6B002BE3D17B681B6814337B627B6A48
:1074900053E8003F3B623B6A23F00103C7F8C43066
:1074A0007B681B681433D7F8C4203A63FB62F96A1F
:1074B0003A6B41E80023BB62BB6A002BE3D17B68D7
:1074C000202283F842207B6800221A637B681B68B5
:1074D0000C333B613B6953E8003FFB60FB6823F0E2
:1074E0001003C7F8C0307B681B680C33D7F8C02086
:1074F000FA61BB61B969FA6941E800237B617B6984
:10750000002BE3D17B6802225A63B7F8CE301946CC
:10751000786800F03DF823E0D7F8E43003F080030A
:10752000002B09D0D7F8E03003F08003002B03D004
:10753000786800F0E7F814E0D7F8E43003F040038F
:10754000002B0ED0D7F8E03003F04003002B08D01A
:10755000786800F027F904E000BF02E000BF00E017
:1075600000BFE837BD4680BD80B483B000AF78600F
:1075700000BF0C37BD465DF8047B704780B483B014
:1075800000AF786000BF0C37BD465DF8047B7047E4
:1075900080B483B000AF78600B467B8000BF0C37AF
:1075A000BD465DF8047B704780B485B000AFF860DD
:1075B000B9601346FB80FB68BA689A62FB68FA8878
:1075C0009A85FB68FA88DA85FB6800225A64FB68B2
:1075D000222283F84220FB681B69002B07D0FB683E
:1075E0001B68DA68FB681B6842F48072DA60FB682B
:1075F0001B685A69FB681B6842F001025A61FB680C
:107600001B68DA68FB681B6842F02002DA6000231E
:1076100018461437BD465DF8047B704780B495B0BA
:1076200000AF78607B681B680C337B637B6B53E82F
:10763000003F3B633B6B23F49073FB647B681B68E8
:107640000C33FA6C3A64FB63F96B3A6C41E8002343
:10765000BB63BB6B002BE5D17B681B6814333B62BB
:107660003B6A53E8003FFB61FB6923F00103BB6405
:107670007B681B681433BA6CFA62BB62B96AFA6A37
:1076800041E800237B627B6A002BE5D17B681B6BA2
:10769000012B19D17B681B680C33FB60FB6853E836
:1076A000003FBB60BB6823F010037B647B681B68F2
:1076B0000C337A6CBA617B617969BA6941E800235D
:1076C0003B613B69002BE5D17B68202283F8422097
:1076D0007B6800221A6300BF5437BD465DF8047B07
:1076E000704780B584B000AF78607B689B6BFB60AF
:1076F000FB680022DA85F868FFF740FF00BF10370B
:10770000BD4680BD80B485B000AF78607B6893F8DB
:107710004130DBB2212B3ED17B689B68B3F5805FA3
:1077200014D17B681B69002B10D17B681B6AFB603E
:10773000FB681B881A467B681B68C2F308025A6004
:107740007B681B6A9A1C7B681A6208E07B681B6A6C
:10775000591C7A6811621A787B681B685A607B68CA
:10776000DB8C9BB2013B9BB27A681946D184002B1B
:107770000FD17B681B68DA687B681B6822F0800287
:10778000DA607B681B68DA687B681B6842F040023D
:10779000DA60002300E0022318461437BD465DF886
:1077A000047B704780B582B000AF78607B681B684F
:1077B000DA687B681B6822F04002DA607B6820226E
:1077C00083F841207868FFF7CFFE0023184608377A
:1077D000BD4680BD80B58CB000AF78600023FB62F1
:1077E0000023BB627B6893F84230DBB2222B40F06F
:1077F000AA807B689B68B3F5805F15D17B681B69A5
:10780000002B11D17B689B6ABB627B681B685B683D
:107810009BB2C3F308039AB2BB6A1A807B689B6A67
:107820009A1C7B689A6224E07B689B6AFB627B6897
:107830009B68B3F5805F07D07B689B68002B0AD1FB
:107840007B681B69002B06D17B681B685B68DAB21A
:10785000FB6A1A7008E07B681B685B68DBB203F0A8
:107860007F03DAB2FB6A1A707B689B6A5A1C7B68DA
:107870009A627B68DB8D9BB2013B9BB27A681946AA
:10788000D185002B5DD17B681B68DA687B681B683B
:1078900022F02002DA607B681B68DA687B681B686C
:1078A00022F48072DA607B681B685A697B681B6807
:1078B00022F001025A617B68202283F842207B6813
:1078C00000225A637B681B6B012B35D17B68002239
:1078D0001A637B681B680C337B617B6953E8003F4C
:1078E0003B613B6923F010037B627B681B680C33B0
:1078F0007A6A3A62FB61F9693A6A41E80023BB613E
:10790000BB69002BE5D17B681B681B6803F0100383
:10791000102B0AD10023FB607B681B681B68FB608F
:107920007B681B685B68FB60FB687B689B8D194606
:107930007868FFF72DFE02E07868F9F7F1FC002384
:1079400002E0002300E0022318463037BD4680BD28
:107950002DE9B04FC0B000AFC7F8F400D7F8F4304D
:107960001B681B6923F44050D7F8F430D968D7F866
:10797000F4301A6840EA01031361D7F8F4309A68CA
:10798000D7F8F4301B691A43D7F8F4305B691A430F
:10799000D7F8F430DB691343C7F8F830D7F8F43080
:1079A0001B68DB6823F4164121F00C01D7F8F43092
:1079B0001A68D7F8F8300B43D360D7F8F4301B6857
:1079C0005B6923F44070D7F8F4309969D7F8F43044
:1079D0001A6840EA01035361D7F8F4301A688F4BF4
:1079E0009A4205D0D7F8F4301A688D4B9A4204D1E8
:1079F000FEF7A0F8C7F8FC0003E0FEF787F8C7F829
:107A0000FC00D7F8F430DB69B3F5004F40F00C818F
:107A1000D7F8FC300022C7F8E830C7F8EC20D7E9E7
:107A20003A4522462B469118B9655B41FB65D7E97B
:107A30001623214612EB0108294643EB01094FF0BA
:107A400000024FF000034FEAC90343EA58734FEABC
:107A5000C80290469946234618EB0303C7F8E03066
:107A60002B4649EB0303C7F8E430D7F8F4305B68E2
:107A70000022C7F8D830C7F8DC20D7E936120B4609
:107A8000DB183B65134642EB03037B65D7E9142300
:107A9000D7E93801F9F788F802460B46614BA3FB9A
:107AA00002235B091C01D7F8FC300022C7F8D03054
:107AB000C7F8D420D7E9348942464B469118B964B7
:107AC0005B41FB64D7E91223414612EB010A4946A8
:107AD00043EB010B4FF000024FF000034FEACB03E2
:107AE00043EA5A734FEACA0292469B4643461AEB50
:107AF0000303C7F8C8304B464BEB0303C7F8CC3041
:107B0000D7F8F4305B680022C7F8C030C7F8C4204B
:107B1000D7E930120B46DB183B64134642EB0303F4
:107B20007B64D7E91023D7E93201F9F73DF8024623
:107B30000B4611463B4BA3FB01235B09642202FB6E
:107B400003F3CB1ADB0003F13202364BA3FB022313
:107B50005B095B0003F4F8731C44D7F8FC30002287
:107B6000C7F8B830C7F8BC20D7E92E8942464B4643
:107B70009118B9635B41FB63D7E90E234146511865
:107B8000396349464B417B634FF000024FF00003DD
:107B9000D7E90CAB5946CB00514643EA51735146E5
:107BA000CA0010461946034642469B18C7F8B03033
:107BB0004B460A4642EB0303C7F8B430D7F8F4301B
:107BC0005B680022C7F8A830C7F8AC20D7E92A12B2
:107BD0000B46DB18BB62134642EB0303FB62D7E99B
:107BE0000A23D7E92C01F8F7DFFF02460B460D4BBD
:107BF000A3FB02135B09642101FB03F3D31ADB002F
:107C00003233084AA2FB03235B0903F00702D7F8CB
:107C1000F4301B6822449A6006E100BF0010014066
:107C2000001401401F85EB51D7F8FC300022C7F843
:107C3000A030C7F8A420D7E9288942464B469118BE
:107C400039625B417B62D7E90823414654184946B3
:107C500043EB01054FF000024FF00003EB0043EA55
:107C60005473E20014461D464346E318C7F89830A3
:107C70004B4645EB0303C7F89C30D7F8F4305B68FC
:107C80000022C7F89030C7F894204FF000024FF060
:107C90000003D7E9244529468B00214643EA917326
:107CA00021468A00D7E92601F8F77EFF02460B46F7
:107CB000604BA3FB02235B091C01D7F8FC300022B8
:107CC000C7F88830C7F88C20D7E9228942464B464E
:107CD0009118B9615B41FB61D7E906234146511810
:107CE000396149464B417B614FF000024FF0000380
:107CF000D7E904AB5946CB00514643EA517351468C
:107D0000CA0010461946034642469B18C7F8803001
:107D10004B460A4642EB0303C7F88430D7F8F430E9
:107D20005B680022BB67FA674FF000024FF0000368
:107D3000D7E91E8949468B00414643EA9173414683
:107D40008A00D7E92001F8F72FFF02460B461146BB
:107D5000384BA3FB01235B09642202FB03F3CB1A1C
:107D60001B013233334AA2FB03235B0903F0F00308
:107D70001C44D7F8FC3000223B677A67D7E91C899E
:107D800042464B469118B9605B41FB60D7E902233C
:107D900041465118396049464B417B604FF0000223
:107DA0004FF00003D7E900AB5946CB00514643EAF8
:107DB00051735146CA0010461946034642469B1865
:107DC000BB664B460A4642EB0303FB66D7F8F4302A
:107DD0005B6800223B667A664FF000024FF00003BA
:107DE000D7E9188949468B00414643EA91734146D9
:107DF0008A00D7E91A01F8F7D7FE02460B460D4B69
:107E0000A3FB02135B09642101FB03F3D31A1B01DB
:107E10003233084AA2FB03235B0903F00F02D7F8B1
:107E2000F4301B6822449A6000BF07F58077BD4696
:107E3000BDE8B08F1F85EB512DE9FF4757EC106B64
:107E4000002F0C4619463B46BBBF07F100431F46B7
:107E500000232D230B700D9BDDF830A0914623F0FD
:107E60002008BCBF32461646B8F1460F05D0B8F11F
:107E7000450F00D10134022100E0032103AB01933F
:107E800002AB009347EC106B5346224600F068FEAD
:107E9000B8F1470F054619D119F0010F0ED000EBCC
:107EA00004090022002330463946F8F70DFE08B1D8
:107EB000CDF80C903022039B4B451ED3039B0E9AAA
:107EC0005B1B2846136004B0BDE8F087B8F1460F8D
:107ED00000EB0409E5D10378302B0AD100220023FE
:107EE00030463946F8F7F0FD18B9C4F10104CAF874
:107EF0000040DAF800309944D3E7591C03911A7016
:107F0000D9E7F7B50029BABF49422D232B23092908
:107F10000270437029DD0DF107031D460A271A463A
:107F2000B1FBF7F607FB1614303402F8014C0C468F
:107F3000632C03F1FF333146F1DC3031941E03F83A
:107F4000011C411C2346AB420AD30DF109039B1AC5
:107F5000AC4288BF002302330344181A03B0F0BDBB
:107F600013F8016B01F8016FEDE7302330318370B6
:107F7000C170031DF1E700002DE9F04F8DB00C46F4
:107F8000DDF8588016461F46054600F0DBFC036806
:107F900004931846F8F76CF900230A93D8F80030D8
:107FA0000590073323F0070303F1080294F818A0A3
:107FB000D4F800B0C8F80020D3E9008929F00043C4
:107FC0000793CDF81880C4E91289DDE906019C4BBE
:107FD0004FF0FF32F8F7AAFD70BBDDE90601984BC0
:107FE0004FF0FF32F8F784FD30BB002200234046FB
:107FF0004946F8F773FD10B12D2384F84330914AB8
:10800000914BBAF1470F8CBF9046984603232361EA
:108010002BF0040323604FF00009009733460BAAAE
:108020002146284600F0D2F9013040F08D804FF013
:10803000FF300DB0BDE8F08F42464B464046494602
:10804000F8F774FD40B14B46002BBCBF2D2384F8DC
:1080500043307E4A7E4BD4E763680AF0DF02069223
:108060005A1C3BD1062363604BF4806200232260DC
:1080700003930AABCDE901A309AB0093616849EC16
:10808000108B0DF123032846FFF7D6FE069B0999B6
:10809000472B804629D1C81C02DB6368994241DD29
:1080A000AAF1020A5FFA8AFA0139524604F1500035
:1080B0000991FFF726FF0A9A1318012A81462361C6
:1080C00002DC2268D20701D5013323619DF82330F9
:1080D000002BA2D02D2384F843309EE7069A472A2E
:1080E000C2D1002BC0D10123BDE7BAF1650FDBD9A6
:1080F000BAF1660F18D1002963680BDD216113B94D
:108100002268D00702D501330B442361A1654FF0EB
:108110000009DBE713B92268D20701D50233F4E77F
:108120000123F2E74FF0670A0A9B994205DB2368B7
:108130002161D807EAD54B1CE7E70029D4BFC1F17C
:10814000020201221344E0E723685A0507D4236999
:10815000424631462846B84701302BD167E7BAF18D
:10816000650F40F2DD80D4E9120100220023F8F708
:10817000ABFC002833D0374A012331462846B847A4
:1081800001303FF454AFDDE90938434502DB236891
:10819000D8070FD5DDE9042331462846B84701301A
:1081A0003FF445AF4FF0000908F1FF3804F11A0A17
:1081B000C84509DC23689B0700F10381E0680B9B3D
:1081C0009842B8BF184634E7012352463146284644
:1081D000B84701303FF42BAF09F10109E8E7099BEB
:1081E000002B39DC1B4A012331462846B8470130B1
:1081F0003FF41DAFDDE9093959EA030302D12368D1
:10820000D907D7D5DDE9042331462846B8470130E0
:108210003FF40DAF4FF0000A04F11A0B099B5B42CB
:10822000534501DC4B4693E701235A463146284625
:10823000B84701303FF4FBAE0AF1010AEEE700BF98
:10824000FFFFEF7F9CBF000898BF0008A4BF000895
:10825000A0BF0008A8BF0008A36DDDF828A0534503
:10826000A8BF5346002B994636DC4FF0000B29EA95
:10827000E97904F11A02A36D0693A3EB09035B45A8
:1082800031DC099B9A453ADC2368DA0737D4099B2D
:10829000AAEB0309069BAAEB03039945A8BF9946DD
:1082A000B9F1000F33DC4FF0000829EAE97904F155
:1082B0001A0B099BAAEB0303A3EB090343457FF7C2
:1082C00079AF01235A4631462846B84701303FF47A
:1082D000AEAE08F10108ECE7424631462846B84701
:1082E0000130C2D1A3E60123314628460692B847A1
:1082F00001303FF49CAE069A0BF1010BBBE7DDE9C0
:10830000042331462846B8470130C0D18FE6069A8B
:108310004B46424431462846B8470130C3D186E631
:10832000DDF828A0BAF1010F01DCDB0736D5012307
:10833000424631462846B84701303FF478AEDDE981
:10834000042331462846B84701303FF470AED4E9E3
:108350001201002200230AF1FF3AF8F7B5FBC0B979
:10836000534608F1010231462846B84701300CD186
:108370005DE601235A4631462846B84701303FF4AE
:1083800056AE08F10108D045F3DB4B4604F150022C
:10839000DFE64FF0000804F11A0BF4E70123424630
:1083A000E1E701234A4631462846B84701303FF409
:1083B0003EAE08F10108E3680B995B1A4345F0DC17
:1083C000FCE64FF0000804F11909F4E72DE9F04745
:1083D000164698468A680B69DDF820909342B8BF2C
:1083E0001346336091F8432007460C460AB1013327
:1083F00033602368990642BF3368023333602568CF
:1084000015F0060506D104F1190AE36832689B1AD3
:10841000AB4226DC94F843302268003B18BF0123AE
:1084200092062BD404F1430241463846C847013036
:108430001ED02368226903F00603042B02BFE568FF
:108440003368ED1AA3680CBF25EAE5750025934251
:10845000C4BF9B1AED1800261A34B5421AD1002069
:1084600008E00123524641463846C847013003D14F
:108470004FF0FF30BDE8F0870135C6E7E1185A1C20
:10848000302081F84300224494F8451082F84310CC
:108490000233C7E70123224641463846C847013028
:1084A000E6D00136D9E700002DE9FF470F7E0C9E8C
:1084B000782F914680460C469A4601F1430207D830
:1084C000622F0AD8002F00F0D180582F00F0B8801A
:1084D00004F1420684F842703AE0A7F16303152BD9
:1084E000F6D801A151F823F0418500085585000810
:1084F000D1840008D1840008D1840008D184000808
:1085000055850008D1840008D1840008D184000872
:10851000D1840008538600087F8500080D86000876
:10852000D1840008D184000875860008D184000831
:108530007F850008D1840008D184000815860008D2
:1085400033681A1D1B68326004F1420684F8423019
:1085500001239CE033682068191D3160060601D5AF
:108560001D6803E04506FBD5B3F90050002D03DA82
:108570002D236D4284F8433058480A2311E02168C6
:108580003368080653F8045B02D4490648BFADB20D
:108590006F2F5248336014BF0A230823002184F848
:1085A00043106668A660002E05DB21682E4321F08B
:1085B000040121604BD01646B5FBF3F103FB1157C4
:1085C000C75D06F8017D2F46BB420D46F4D9082B46
:1085D0000BD12368DF0708D5236961689942DEBFA4
:1085E000302306F8013C06F1FF36921B2261CDF8DC
:1085F00000A04B4603AA21464046FFF7E7FE0130A4
:108600004AD14FF0FF3004B0BDE8F087236843F053
:10861000200323603248782784F845702368316846
:108620001F0651F8045B02D45F0648BFADB231604B
:10863000D90744BF43F0200323601DB11023ADE7E9
:108640002648E9E7236823F020032360F6E716466F
:10865000BDE7336825686169181D30602E061B6808
:1086600001D5196002E06806FBD51980002323615B
:108670001646BCE733681A1D32601E686268002126
:108680003046F7F7A5FD08B1801B60606368236181
:10869000002384F84330AAE723693246494640461E
:1086A000D0470130ADD023689B0713D4E068039B0B
:1086B0009842B8BF1846A6E70123324649464046CD
:1086C000D04701309DD00135E36803995B1AAB4276
:1086D000F2DCEBE7002504F11906F5E7AABF000874
:1086E000BBBF0008002310B50446C0E90033C0E951
:1086F0000433836081814366C28183611946082205
:108700005C3000F016F90D4B63620D4BA3620D4B0C
:10871000E3620D4B23630D4B24629C4206D003F1B0
:108720006802944202D0D0339C4205D104F1580033
:10873000BDE8104000F07AB910BD00BFAD88000858
:10874000CF880008078900082B890008440A002008
:10875000024A0349034800F069B800BF0C0000203A
:10876000ADA300081C00002041680C4B994210B5D5
:10877000044601D001F01AFEA168094B994202D0CB
:10878000204601F013FEE168064B994204D02046D2
:10879000BDE8104001F00ABE10BD00BF440A002031
:1087A000AC0A0020140B002010B50B4B0B4C0C4AEC
:1087B0001A60204600220421FFF794FF04F16800AC
:1087C00001220921FFF78EFF04F1D0000222BDE84B
:1087D00010401221FFF786BF7C0B0020440A0020C6
:1087E00051870008014800F022B900BF850B002026
:1087F000014800F01DB900BF850B002010B50446EC
:10880000FFF7F0FF236A1BB1BDE81040FFF7F0BF90
:10881000044B2362044B1B68002BF5D1FFF7C4FF08
:10882000F2E700BF698700087C0B00202DE9F843C0
:108830000746884614460026D4E90195B9F1010996
:1088400005D52468002CF7D13046BDE8F883AB8904
:10885000012B07D9B5F90E30013303D0294638462C
:10886000C04706436835E9E70EB410B59DB01FABAD
:10887000029006906FF000410A48079104910A495E
:1088800053F8042B0591002402A9006801931B945E
:1088900001F00CFC029B1C701DB0BDE8104003B041
:1088A000704700BF180000200802FFFF10B50C46FB
:1088B000B1F90E1000F06CF80028ABBF636DA3890E
:1088C0001B1823F48053ACBF6365A38110BD2DE951
:1088D000F0411F468B89DB0505460C46164605D53B
:1088E000B1F90E100223002200F040F8A389B4F978
:1088F0000E1023F48053A38132463B462846BDE840
:10890000F04100F057B810B50C46B1F90E1000F068
:108910002DF8431CA38915BF606523F4805343F4ED
:108920008053A38118BFA38110BDB1F90E1000F0D0
:108930000DB802440346934200D1704703F8011B6F
:10894000F9E70000004870475801002038B5064D8F
:108950000023044608462B60F9F71EFD431C02D194
:108960002B6803B1236038BD800B002038B5074D5C
:1089700004460846114600222A601A46F9F733FDDC
:10898000431C02D12B6803B1236038BD800B00204B
:1089900038B5074D04460846114600222A601A469B
:1089A000F9F7C1FC431C02D12B6803B1236038BD29
:1089B000800B002038B5074D0446084611460022BA
:1089C0002A601A46F9F7CCFC431C02D12B6803B18C
:1089D000236038BD800B0020014B1868704700BF32
:1089E0001800002070B50D4D0D4C641BA41000261E
:1089F000A64209D10B4D0C4C02F0BEF8641BA4102A
:108A00000026A64205D170BD55F8043B98470136B3
:108A1000EEE755F8043B98470136F2E714C3000827
:108A200014C3000814C3000818C300087047704737
:108A300070470A44914200F1FF3300D1704710B5EE
:108A400011F8014B03F8014F9142F9D110BD2DE906
:108A5000F74F03690C69A34207467EDB013C01F135
:108A60001408A30000F11405009305EB840301939F
:108A700058F8243055F8242001339A4208EB840931
:108A8000B2FBF3F62ED34FF0000AC446AE46D346EF
:108A90005CF8043B98B206FB00A0020C1B0C06FB22
:108AA0000323DEF8002080B292B2121A5A44DEF894
:108AB00000004FEA134A9BB2C3EB224303EB10437F
:108AC00092B242EA0342E1454EF8042B4FEA234BAF
:108AD000DED2009BEB582BB9019B043B9D421A460A
:108AE0002FD33C61384601F07DF9002825DB29466B
:108AF000002058F8042BD1F800C01FFA82FE1FFA9C
:108B00008CF3A3EB0E030344120CC2EB234202EBE3
:108B10001C429BB243EA0243C14541F8043B4FEA81
:108B20002240E6D255F8242005EB840322B9043B09
:108B30009D421A460BD33C610136304603B0BDE876
:108B4000F08F1268043B002ACBD1013CC6E71268C3
:108B5000043B002AEFD1013CEAE70020EEE70000E9
:108B60002DE9F04FC76997B08DED040B55EC104B14
:108B7000209E079181460C9211937FB9102000F03E
:108B800009FE0246C9F81C0020B9A94BEF21A948EB
:108B900001F05EFCC0E901770760C760D9F81C30BE
:108BA000196859B15A684A60012393408B6048465E
:108BB00000F0E6FED9F81C3000221A602B1EB9BF67
:108BC00023F00043059300233360059F9A4BBCBFFD
:108BD00001223260BB4312D1119A42F20F7313602B
:108BE000C7F31303234300F05A85219BDFF85CA2EF
:108BF000002B00F05C850AF1030300F056BD9DEDEB
:108C0000047B002251EC170B00238DED0A7BF7F754
:108C10005BFF804658B1119A01231360219B13B169
:108C2000219A864B1360DFF828A200F040BD9DED2D
:108C30000A0B14AA15A9484601F084F9C7F30A568D
:108C40000290002E78D00B9BCDF84880C3F313031D
:108C5000DDE90A0143F07F5343F44013A6F2FF36E7
:108C600019460022764BF7F70FFB6BA3D3E90023DD
:108C7000F7F7C2FC6AA3D3E90023F7F707FB044622
:108C800030460D46F7F74EFC67A3D3E90023F7F70C
:108C9000B3FC02460B4620462946F7F7F7FA04468E
:108CA0000D46F7F759FF00220746002320462946C4
:108CB000F7F714FF40B13846F7F734FC22462B464D
:108CC000F7F702FF00B9013F162F52D85D4B03EBB7
:108CD000C703D3E90023DDE90A01F7F7FFFE002807
:108CE00049D0013F00231093149B9B1B5A1E45BF84
:108CF000C3F10103009300230023069254BF0093A5
:108D00000693002F39DB069B0D973B440693002307
:108D10000893079B092B63D8052BC4BF043B07931B
:108D2000079BA3F10203CCBF00240124032B63D8CB
:108D3000DFE803F05254372BDDE914631E4406F2DA
:108D40003243202BC1BFC3F140039F4006F21243C0
:108D500024FA03F3D6BFC3F1200347EA030004FA61
:108D600003F0F7F7CFFB0122A1F1F873013E129255
:108D700076E70123B7E71090B6E7009BDB1B009373
:108D80007B42089300230D93C3E7012309930C9BB7
:108D900007EB030B0BF10103012B0393B8BF012376
:108DA00006E0012309930C9B002B28DD9B460393CF
:108DB000D9F81C000021042202F114059D4226D995
:108DC0004160484600F09CFD8246002842D11E4B7F
:108DD000024640F2AF11DAE60023E3E70023D5E7CD
:108DE00001240023079309944FF0FF3B0022CDF8A4
:108DF0000CB012230C92DBE701230993F4E74FF048
:108E0000010BCDF80CB05B46CDF830B0D0E70131A6
:108E10005200D1E7AFF3008061436F63A787D23F71
:108E2000B3C8608B288AC63FFB799F501344D33F59
:108E3000D9BF0008F0BF00080000F07FA9BF0008FC
:108E40000000F83F40C1000848C00008D5BF000836
:108E5000A8BF0008D9F81C301860039B0E2B00F245
:108E6000A180002C00F09E80002F33DD9C4B07F08A
:108E70000F0203EBC20393ED007BF8058DED0E7B33
:108E80004FEA271416D5974BDDE90A01D3E90823E9
:108E9000F7F7DCFCCDE9040104F00F040326914D43
:108EA00054B9DDE90E23DDE90401F7F7CFFCCDE984
:108EB000040128E00226F2E7E10708D5DDE90E010A
:108EC000D5E90023F7F798FBCDE90E0101366410D0
:108ED0000835E5E700F0AF807C42814B814D04F01E
:108EE0000F0203EBC203D3E90023DDE90A01F7F720
:108EF00083FBCDE90401241100230226002C40F05D
:108F00008F80002BD3D1109BDDE90445002B00F0AE
:108F10009480754B002220462946F7F7DFFD002894
:108F200000F08B80039B002B00F08780BBF1000FCB
:108F300034DD20466D4B00222946F7F75DFBCDE975
:108F4000040107F1FF3801365C463046F7F7EAFACC
:108F5000DDE90423F7F750FB654B0022F7F796F99C
:108F60000546A1F15076002C6AD1DDE90401614B80
:108F70000022F7F789F902460B46CDE904232A4679
:108F80003346F7F7C9FD002840F09882DDE9040177
:108F90002A4606F10043F7F7A1FD38BBDDE90A34A4
:108FA000CDE90434159B002BC0F257810E2F00F33E
:108FB00054814B4B03EBC70393ED007B0C9B002BC1
:108FC0008DED007B80F2E580039B002B00F3E180B8
:108FD0000CD1484B002251EC170BF7F70DFBDDE9E4
:108FE0000423F7F78FFD002800F066820024254651
:108FF0000C9B56466FEA030800272146484600F0BE
:10900000BFFC002D00F0BD802FB1AF4203D0394628
:10901000484600F0B5FC2946484600F0B1FCB0E0F7
:10902000E20705D5D5E90023F7F7E6FA0136012373
:109030006410083562E7022665E7039CB84684E7BA
:10904000274B099903EBC40353E902235444002935
:1090500054D029490020F7F7F9FB33462A46F7F7A1
:1090600013F9CDE90E015646DDE90401F7F774FD69
:109070000546F7F757FA02460B46DDE90401F7F714
:1090800003F9303502460B46CDE9042306F8015BAF
:10909000DDE90E23F7F722FD002872D1DDE9042374
:1090A00011490020F7F7F0F8DDE90E23F7F716FD78
:1090B000002840F0B480A6423FF470AFDDE90E0115
:1090C0000A4B0022F7F798FA084BCDE90E0100226F
:1090D000DDE90401F7F790FACDE90401C4E700BF28
:1090E00040C1000818C100080000F03F0000244003
:1090F00000001C40000014400000E03F31462846BC
:10910000F7F77AFACDE90E0113945646DDE904012A
:10911000F7F722FD0546F7F705FA02460B46DDE9AB
:109120000401F7F7B1F8303506F8015B02460B464B
:10913000A642CDE904234FF0000224D1AF4BDDE974
:109140000E01F7F7A3F802460B46DDE90401F7F735
:10915000E3FC002863D1DDE90E23A8490020F7F7DE
:1091600093F802460B46DDE90401F7F7B7FC002847
:109170003FF414AF139E731E139316F8013C302B6B
:10918000F8D047463BE09E4BF7F736FACDE90401AD
:10919000BCE7DDE904455646DDE9002320462946C3
:1091A000F7F754FBF7F7D8FC8046F7F7BBF9DDE992
:1091B0000023F7F721FA02460B462046294608F11C
:1091C0003004F7F761F806F8014B039DA6EB0A049B
:1091D000A54202460B4633D1F7F758F8DDE90023E4
:1091E00004460D46F7F798FCC0B9DDE90023204698
:1091F0002946F7F769FC10B118F0010F0ED102995A
:10920000484600F0BDFB00233370119B01371F60FF
:10921000219B002B00F04B821E6048E2B84633468B
:109220001E4613F8012D392A06D19A45F8D130226D
:1092300008F101088AF800201A7801321A70A0E7B4
:109240006F4B0022F7F7D8F90022002304460D46A1
:10925000F7F73AFC00289FD0D1E7099A002A00F0DE
:10926000EA80079A012A00F3CD80129A002A00F0C2
:10927000C18003F23343089C009E009A1A44009276
:10928000069A01211A444846069200F02DFC054634
:1092900066B1069B002B09DDB342009AA8BF334696
:1092A000D21A0092069AF61AD31A0693089B0BB3A9
:1092B000099B002B00F0C680002C00F0C0802946DE
:1092C0002246484600F0C8FC029A01460546484638
:1092D00000F020FC02998046484600F051FB089BB4
:1092E0001B1B089300F0B180089A4146484600F0E5
:1092F000B3FC02900121484600F0F6FB0D9B0446AA
:10930000002B00F0D8811A460146484600F0A4FC24
:10931000079B012B044600F39F80049B002B40F029
:109320009780059BC3F31303002B40F09380059BAC
:1093300023F000431B0D1B0533B1009B0133009349
:10934000069B01330693012308930D9B002B00F02D
:10935000B881236904EB8303186900F079FBC0F13D
:109360002000069B184410F01F0000F08280C0F11E
:109370002003042B73DD009BC0F11C000344009309
:10938000069B034406440693009B002B05DD0299CF
:109390001A46484600F0BAFC0290069B002B05DDF9
:1093A00021461A46484600F0B1FC0446109B002BAB
:1093B00061D00298214600F015FD00285BDA0023F9
:1093C00002990A22484600F0FDFA099B029007F133
:1093D000FF38002B00F07781294600230A224846F7
:1093E00000F0F0FABBF1000F05466FDC079B022B83
:1093F00049DC6BE0149BC3F136033CE70000E03F1F
:1094000000002440039B5C1E089BA34209DB1C1B3D
:10941000039B002BBFF630AF009B039A9E1A0023DC
:109420002BE7089B0D9A0894E31A1A44009E039BAD
:109430000D92002421E7089C009E099D28E7DDF895
:10944000088051E7089A029950E7CDF8088051E763
:10945000002379E7049B77E70023089379E793D00B
:10946000009A1C331A440092069A1A441E4406922B
:109470008AE70346F4E7039B002BB84620DC9B46B3
:10948000079B022B1EDDBBF1000F7FF4B1AD21461F
:109490005B460522484600F095FA014604460298CC
:1094A00000F0A0FC00287FF7A3AD5646312306F854
:1094B000013B08F101089FE5039CB8462546F4E707
:1094C000DDF80CB0099B002B00F00181002E05DDBA
:1094D00029463246484600F019FC0546089B002BF9
:1094E0005CD06968484600F00BFA064628B9824B02
:1094F000024640F2EF21FFF74ABB2A69023292008E
:1095000005F10C010C30FFF794FA01223146484670
:1095100000F0FCFB0AF1010300930AEB0B03089334
:10952000049B03F001032F4606930546009B029817
:10953000214603F1FF3BFFF78AFA034630330390DD
:1095400039460298099300F04DFC2A4604902146C2
:10955000484600F063FCC268099B064602BB014610
:10956000029800F03FFC099B0246314648460C92A7
:10957000099300F005FA079B0C9A009E42EA03014A
:10958000069B1943099B0DD1392B27D0049A002A39
:1095900001DD039B31338BF800302EE52846B9E717
:1095A0000122E2E70499002904DB079801430698A9
:1095B000014320D1002AEEDD0299009301224846A2
:1095C00000F0A4FB2146029000F00CFC0028009B58
:1095D00002DCE0D1DA07DED5392BDAD139238BF87A
:1095E000003033461E46013B16F8012C392A4ED076
:1095F00001321A7001E5002A03DD392BEED0013368
:10960000C9E7009A089902F8013C8A4228D00299D9
:1096100000230A22484600F0D5F9AF4202904FF0ED
:1096200000034FF00A023946484607D100F0CAF954
:1096300007460546009B0133009377E700F0C2F927
:109640002946074600230A22484600F0BBF9054692
:10965000F0E7BBF1000FCCBF5E4601265644002761
:10966000029900930122484600F050FB21460290E7
:1096700000F0B8FB0028B4DC02D1009BDB07B0D4BB
:1096800033461E4613F8012D302AFAD0B5E49A4528
:10969000A8D1312308F101088AF80030ADE4219BFC
:1096A000DFF858A01BB10AF10803219A1360504655
:1096B00017B0BDE8F08F079B012B7FF72EAE0D9BF7
:1096C000089301204DE6BBF1000F7FF7D9AE564657
:1096D00002982146FFF7BBF900F1300306F8013B81
:1096E000A6EB0A029345B4DD029900230A224846FC
:1096F00000F068F90290EBE748C00008CCBF000812
:1097000038B50546002941D051F8043C0C1F002B08
:10971000B8BFE41800F0E8F81D4A136833B9636075
:1097200014602846BDE8384000F0E4B8A34208D9E8
:10973000206821188B4201BF19685B6809182160F5
:10974000EDE71A465B680BB1A342FAD911685018CD
:10975000A0420BD120680144501883421160E0D12F
:1097600018685B68536008441060DAE702D90C237C
:109770002B60D6E7206821188B4204BF19685B680C
:10978000636004BF091821605460CAE738BD00BF98
:109790008C0B0020024B0146186800F025B800BF72
:1097A0001800002070B50F4E0C463168054611B9FF
:1097B00000F03EFE30602146284600F039FE431C92
:1097C00003D14FF0FF34204670BDC41C24F00304C5
:1097D000A042F8D0211A284600F02AFE0130F2D12A
:1097E000EFE700BF880B00202DE9F843CD1C25F0E2
:1097F000030508350C2D38BF0C25002D064601DB6E
:10980000A94204D90C2333600020BDE8F883DFF8B7
:10981000D48000F069F8D8F800301C4644BB2946D3
:109820003046FFF7BFFF431C044658D1D8F800402C
:109830002746002F43D1002C4BD0236839463046B1
:1098400004EB030900F0F4FD814542D121686D1A53
:1098500029463046FFF7A6FF01303AD023682B4453
:109860002360D8F800305A6862BBC8F800700FE077
:109870002268521B20D40B2A17D96119A3422560F4
:1098800018BF5960636808BFC8F8001062514B6088
:10989000304600F02FF804F10B00231D20F00700E4
:1098A000C21A1CBF1B1AA350AFE76268A3420CBFC9
:1098B000C8F800205A60EBE723466468AEE73C46F0
:1098C0007F68B6E71A465B68A342FBD1002353606A
:1098D000DEE70C233360304600F00CF894E70560B7
:1098E000D6E700BF8C0B00200148FFF7A0B800BFEF
:1098F000840B00200148FFF79BB800BF840B0020B9
:1099000070B5C66904460D4676B91020FFF742FFD0
:109910000246E06120B9184B18486B2100F098FD11
:10992000C0E901660660C660E669F36883B1E36971
:10993000DB6853F82500B8B9012101FA05F6721D5C
:109940009200204600F0A2FD60B1C0E901560EE091
:1099500021220421204600F099FDE369F060DB68D4
:10996000002BE4D1002070BD026843F825200023BD
:10997000C0E90333F7E700BFD9BF000859C00008AA
:1099800070B5C66905460C4676B91020FFF702FF90
:109990000246E86120B9094B09488F2100F058FDC3
:1099A000C0E901660660C6603CB1EB696268DB68CD
:1099B00053F82210216043F8224070BDD9BF00083F
:1099C00059C000082DE9F0410D6907460C461E46B6
:1099D00001F1140C0020DCF8003099B202FB0161A7
:1099E0001E0C0B0C02FB063389B2013001EB034164
:1099F00085424CF8041B4FEA1346ECDC0EB3A36817
:109A0000AB4219DC616838460131FFF779FF8046C7
:109A100028B902460C4B0D48BA2100F019FD226905
:109A2000023204F10C0192000C30FFF702F82146DB
:109A30003846FFF7A5FF444604EB850301355E6118
:109A400025612046BDE8F08148C0000859C00008E3
:109A5000B0F5803F034636BF030400201020B3F169
:109A6000807F3CBF1B020830B3F1805F3CBF1B010D
:109A70000430B3F1804F3CBF9B000230002B05DB6C
:109A800013F0804F00F1010008BF202070470368E9
:109A9000024613F007000BD0D90721D4980749BF1D
:109AA0005B089B08012013605CBF136002207047B5
:109AB00099B209B91B0C1020D9B209B908301B0A98
:109AC000190704BF1B090430990704BF9B08023023
:109AD000D90703D45B0800F1010003D0136070477D
:109AE000002070472020704710B50C460121FFF779
:109AF00007FF024628B9054B054840F2451100F022
:109B0000A7FC01234461036110BD00BF48C00008E9
:109B100059C000082DE9F04F17460A693B699A427F
:109B2000A8BF3B468946A4BF0F4699463D69D9F870
:109B300010A0BB68796805EB0A06B34285B0B8BFD0
:109B40000131FFF7DDFE30B90246414B41484FF489
:109B5000B17100F07DFC00F1140404EB860E234685
:109B60000022734520D307F1140809F1140108EB12
:109B7000850501EB8A030293EB1B153B23F00303DE
:109B800004331537BD4238BF04230193029B039170
:109B90008B420CD8002E03DD5EF8043D002B55D01F
:109BA000066105B0BDE8F08F43F8042BD9E7B1F8A2
:109BB00000A0BAF1000F1FD0C446A14600275CF8F0
:109BC000042BD9F800301FFA82FB9BB20AFB0B333F
:109BD0003B44D9F80070120C3F0C0AFB027202EBF6
:109BE00013429BB243EA0243654549F8043B4FEAFE
:109BF0001247E4D8019BE750039BB3F8029004316D
:109C0000B9F1000F20D023684746A4464FF0000A60
:109C1000B7F800B0BCF8022009FB0B2252449BB2FB
:109C200043EA02434CF8043B57F8043B4FEA134A1B
:109C3000BCF8003009FB0A3303EB1243BD424FEA84
:109C4000134AE5D8019AA35004349FE7013EA1E7E7
:109C500048C0000859C000082DE9F843154612F025
:109C6000030207460E4607D0254C013A002354F85C
:109C70002220FFF7A7FE0646AD103DD0FC697CB957
:109C80001020FFF787FD0246F86128B91D4B1E48DA
:109C900040F2B31100F0DCFBC0E901440460C46091
:109CA000D7F81C80D8F808404CB940F271213846EA
:109CB000FFF71AFF0023C8F80800044603604FF0BE
:109CC0000009EB070AD5314622463846FFF722FF46
:109CD000314680463846FFF753FE46466D100BD09E
:109CE000206838B9224621463846FFF713FF206026
:109CF000C0F800900446E4E73046BDE8F88300BFB2
:109D00000CC10008D9BF000859C000082DE9F04770
:109D10000C464968236903EB6218A368074691461D
:109D20004FEA621A08F10106B3420BDB3846FFF72F
:109D3000E7FD054648B90246284B29484FF4EF7124
:109D400000F086FB01315B00EEE7002300F1140117
:109D500000F110021846534533DB20692AEAEA7AFB
:109D600004F1140319F01F0901EB8A0103EB800CC5
:109D70002BD0C9F1200E8A460022186800FA09F09B
:109D800010434AF8040B53F8042B9C4522FA0EF2B8
:109D9000F3D8ACEB0403153B23F00303043304F1C5
:109DA0001500604588BF0423CA500AB108F10206B5
:109DB000013E38462E612146FFF7E2FD2846BDE808
:109DC000F08742F8040F0133C5E7043953F8042B38
:109DD00041F8042F9C45F9D8EAE700BF48C00008C5
:109DE00059C000080A6903460069801A30B50ED1CF
:109DF0001433143103EB820401EB820154F8045D47
:109E000051F8042D954203D005D24FF0FF3030BDFC
:109E1000A342F3D3FBE70120F9E700002DE9F74F58
:109E200089460646114648461446FFF7DBFF051EE5
:109E300012D129463046FFF763FD024628B93F4B51
:109E400040F237213E4800F003FB0123C0E904350E
:109E5000104603B0BDE8F08FBCBF4B46A14630466C
:109E6000D9F80410BABF1C4601250025FFF748FDAC
:109E7000024618B9314B40F24521E3E7D9F810709A
:109E80002669C56009F1100309F1140504F1140EE7
:109E900000F1140B05EB87080EEB86060193D946FB
:109EA0004FF0000C019B5EF8040B53F804AF0193D4
:109EB0001FFA8AF3194683B2CB1A000C6344C0EB35
:109EC0001A4000EB23409BB243EA0043764549F831
:109ED000043B4FEA204CE5D8331B153B23F003032A
:109EE00015340433A64238BF04231D445B441E4688
:109EF0002C4644450ED308F10301491B21F0030110
:109F0000033DA84538BF00210B4453F8041D91B10F
:109F100017619DE754F8041BE646080C1CFA81FC07
:109F2000714400EB2C4089B241EA004146F8041B21
:109F30004FEA204CDDE7013FE7E700BF48C00008DB
:109F400059C000082DE9F7430F46012159EC108B49
:109F50001646FFF7D5FC044630B90246234B244889
:109F600040F20F3100F074FAC9F30A55C9F3130334
:109F70000DB143F480130193B8F1000323D0684678
:109F80000093FFF784FDDDE90012D0B1C0F120039A
:109F900002FA03F30B43C24063610192019BA36188
:109FA000002B0CBF012202222261A5B1A5F233458C
:109FB00005443D60C0F135003060204603B0BDE887
:109FC000F0836161EAE701A8FFF761FD019B63612E
:109FD00020300122E8E704EB8203A0F2324038602F
:109FE0001869FFF735FDC0EB4210E5E748C00008EF
:109FF00059C000082DE9F0478E681F46BE420B6825
:10A0000082460C4690462DD8B1F90C2012F4906F80
:10A0100026D06569096905EB4505A3EB010905EB48
:10A02000D5757B1C4B446D109D4238BF1D465305B2
:10A0300027D52946FFF7D8FB064660B321694A4673
:10A04000FEF7F7FCA38923F4906343F08003A38118
:10A05000266165614E44A5EB09052660A5603E4674
:10A06000BE4200D93E4620683246414600F0C6F95D
:10A07000A3689B1BA3602368334423600020BDE8D2
:10A08000F0872A4600F028FA06460028E0D1216928
:10A090005046FFF735FB0C23CAF80030A38943F084
:10A0A0004003A3814FF0FF30E9E700002DE9F04FB6
:10A0B00098468B891B069DB007460D46144610D561
:10A0C0000B6973B94021FFF78FFB2860286130B915
:10A0D0000C233B604FF0FF301DB0BDE8F08F4023F4
:10A0E0006B610023099320238DF82930CDF80C8073
:10A0F0003023DFF89C818DF82A304FF00109234688
:10A100009A4613F8012B0AB1252AF9D1BAEB040BB0
:10A110000BD05B46224629463846FFF76BFF0130DD
:10A1200000F0A780099A5A4409929AF80030002B4F
:10A1300000F09F8000234FF0FF32CDE905230AF1A4
:10A14000010A049307938DF853301A93544605225D
:10A1500014F8011B4E48F6F73BF8049AD8B9D0061C
:10A1600044BF20238DF85330110744BF2B238DF8B3
:10A1700053309AF800302A2B15D0079A5446002005
:10A180004FF00A0C214611F8013B303B092B4BD90B
:10A19000B0B1079214E0A0EB080309FA03F31343EC
:10A1A0000493A246D2E7039B191D1B680391002B61
:10A1B000BBBF5B4242F0020207930793B8BF049211
:10A1C00023782E2B0AD163782A2B32D1039B1A1DB8
:10A1D0001B68039243EAE37302340593DFF8C0A0DF
:10A1E000217803225046F5F7F3FF38B1049BA0EB2A
:10A1F0000A004022824013430134049314F8011BE7
:10A2000024488DF828100622F5F7E2FF002836D002
:10A21000214B1BBB039B073323F007030833039336
:10A22000099B334409936AE70CFB02320C46012078
:10A23000A8E700230134059319464FF00A0C204685
:10A2400010F8012B303A092A03D9002BC6D005910A
:10A25000C4E70CFB012104460123F0E703AB0093A4
:10A260002A460E4B04A93846FDF786FE421C0646D8
:10A27000D6D1AB895B063FF52DAF09982CE703AB30
:10A2800000932A46054B04A93846FEF70DF9EDE781
:10A29000B2C00008BCC00008797F0008F59F000824
:10A2A000B8C00008B1F90C202DE9F04116070546A9
:10A2B0000C4654D44B68002B02DC0B6C002B48DDA1
:10A2C000E66A002E45D0002312F480522F68216ADE
:10A2D0002B6030D0626DA389590705D56368D21A07
:10A2E000636B0BB1236CD21A0023E66A216A2846FD
:10A2F000B047431CA38906D129681D292BD82A4AB7
:10A30000CA40D60727D500226260D904226922609C
:10A3100004D5421C01D12B6803B96065616B2F60C5
:10A32000B9B104F14403994202D02846FFF7E8F995
:10A33000002363630DE001232846B0470246501C0A
:10A34000C9D12B68002BC6D01D2B01D0162B1ED1D6
:10A350002F60002022E043F040031BB21BE00F6996
:10A36000002FF6D093070E6808BF4B690F6018BF27
:10A370000023A6EB07088B60B8F1000FE9DD216A26
:10A38000A66A43463A462846B047002808DCB4F996
:10A390000C3043F04003A3814FF0FF30BDE8F08163
:10A3A0000744A8EB0008E7E70100402038B50B6937
:10A3B00005460C4613B90025284638BD18B1036A76
:10A3C0000BB9FEF71BFAB4F90C30002BF3D0626E18
:10A3D000D00704D4990502D4A06DFEF728FB2846C7
:10A3E0002146FFF75FFF636EDA070546E4D4A389D1
:10A3F0009B05E1D4A06DFEF71BFBDDE7884210B59D
:10A4000001EB020402D98442234607D8431EA1422D
:10A4100008D011F8012B03F8012FF8E70244014698
:10A420008A4200D110BD13F8014D02F8014DF7E743
:10A4300038B5064D0023044608462B60F7F7E0FFC9
:10A44000431C02D12B6803B1236038BD800B002070
:10A450001FB514461A46094B1B680546D8684CB10F
:10A46000074B0091CDE9013406492B4600F070F806
:10A4700000F080F8044B1C46F3E700BF18000020F2
:10A48000CDC00008DAC0000808C1000870B5A1FB03
:10A49000025434B92946FFF7A7F9064628B93046D1
:10A4A00070BD0C2202600026F9E72A462146FEF71D
:10A4B00040FAF4E782B001B901A942B14BB1137877
:10A4C0000B601278101E18BF012002B070471046B2
:10A4D000FBE76FF00100F8E72DE9F041074614466D
:10A4E0000D4621B9BDE8F0411146FFF77DB92AB903
:10A4F000FFF706F925462846BDE8F08100F041F84F
:10A500008442064602D8B4EB500FF4D821463846B0
:10A51000FFF76AF9804608B94546ECE7B44222469F
:10A52000294628BF3246FEF784FA29463846FFF707
:10A53000E7F8F1E70346084641B1FF2A04D98A2229
:10A540001A604FF0FF3070470A700120704700001A
:10A550000EB403B5014603AB054853F8042B00685D
:10A56000019300F03FF802B05DF804EB03B07047D0
:10A570001800002008B5062000F008FA0120F7F7BF
:10A58000C7FE51F8043C181F002BBCBF0B58C01865
:10A5900070479368013B002B10B4936008DA94690C
:10A5A000A34201DB0A2903D15DF8044B00F032B964
:10A5B0001368581C1060197008465DF8044B70470A
:10A5C000F8B506460F461446D518AC4201D1002016
:10A5D00007E014F8011B3A463046FFF7DAFF431C48
:10A5E000F3D1F8BD2DE9F04F0D469DB014469846C5
:10A5F000064618B1036A0BB9FEF700F96B6ED9076E
:10A6000005D4AB899A0502D4A86DFEF710FAAB8980
:10A610001B0701D52B699BB92946304600F038F954
:10A6200070B16B6EDC0704D54FF0FF301DB0BDE894
:10A63000F08FAB899805F7D4A86DFEF7F9F9F3E729
:10A640000023099320238DF82930CDF80C80302386
:10A65000DFF8AC818DF82A304FF0010923469A4685
:10A6600013F8012B0AB1252AF9D1BAEB040B0BD050
:10A670005B46224629463046FFF7A2FF013000F034
:10A68000A780099A5A4409929AF80030002B00F0EA
:10A690009F8000234FF0FF32CDE905230AF1010A24
:10A6A000049307938DF853301A935446052214F8F7
:10A6B000011B5348F5F78CFD049AD8B9D10644BF65
:10A6C00020238DF85330130744BF2B238DF85330CC
:10A6D0009AF800302A2B15D0079A544600204FF0E4
:10A6E0000A0C214611F8013B303B092B4BD9B0B184
:10A6F000079214E0A0EB080309FA03F31343049351
:10A70000A246D2E7039B191D1B680391002BBBBF18
:10A710005B4242F0020207930793B8BF049223788A
:10A720002E2B0AD163782A2B32D1039B1A1D1B686A
:10A73000039243EAE37302340593DFF8D4A021784F
:10A7400003225046F5F744FD38B1049BA0EB0A0004
:10A750004022824013430134049314F8011B29481A
:10A760008DF828100622F5F733FD00283FD0264B40
:10A770001BBB039B073323F0070308330393099B99
:10A780003B4409936AE70CFB02320C460120A8E720
:10A7900000230134059319464FF00A0C204610F8A7
:10A7A000012B303A092A03D9002BC6D00591C4E702
:10A7B0000CFB012104460123F0E703AB00932A467A
:10A7C000124B04A93046FDF7D7FB0746781CD6D1BB
:10A7D0006B6ED90705D4AB899A0502D4A86DFEF734
:10A7E00027F9AB895B063FF51FAF09981EE703AB5E
:10A7F00000932A46054B04A93046FDF755FEE4E7D1
:10A80000B2C00008BCC00008797F0008C1A50008DC
:10A81000B8C00008F8B50E461446054618B1036ADC
:10A820000BB9FDF7EBFFA369A360A3891A0701D554
:10A83000236943B92146284600F02AF818B14FF0A1
:10A84000FF373846F8BD23682269981A6369F6B263
:10A850008342374605DC21462846FFF7A7FD00283E
:10A86000EDD1A368013BA36023685A1C22601E70CF
:10A870006269431C9A4204D0A389DB07E1D50A2E02
:10A88000DFD121462846FFF791FD0028D9D0D6E731
:10A8900038B5294B054618680C4618B1036A0BB940
:10A8A000FDF7ACFFB4F90C30190722D4DA0607D44F
:10A8B00009222A6043F04003A3814FF0FF3033E0C8
:10A8C000580712D5616B41B104F14403994202D09B
:10A8D0002846FEF715FF00236363A38923F02403B2
:10A8E000A3810023636023692360A38943F00803E5
:10A8F000A38123694BB9A38903F42073B3F5007FC7
:10A9000003D02146284600F083F8B4F90C3013F048
:10A9100001020AD00022A26062695242A261226949
:10A9200042B913F08000C5D138BD990758BF62699C
:10A93000A260F4E70020F7E7180000201F2938B5CF
:10A9400005460C4604D9162303604FF0FF3038BD8E
:10A95000C26B12B152F821304BB9284600F030F8E2
:10A96000224601462846BDE8384000F017B8012BC2
:10A970000AD0591C03D1162303600120E7E7002108
:10A9800042F82410204698470020E0E7024B014699
:10A990001868FFF7D3BF00BF1800002038B5074D77
:10A9A00000230446084611462B60F7F7A1FC431C20
:10A9B00002D12B6803B1236038BD00BF800B00209B
:10A9C000F7F78EBC70B50C46B1F90E10002996B0A1
:10A9D00015461E460DDAA38913F0800F4FF00001D3
:10A9E00014BF40234FF48063002031602B6016B009
:10A9F00070BD6A4600F048F80028ECDB019901F4CC
:10AA00007041A1F50053594259414FF48063EBE77F
:10AA10008B89F7B59D0706460C4607D504F1470319
:10AA2000236023610123636103B0F0BD01AB6A467B
:10AA3000FFF7C8FF009F054639463046FEF7D4FEB3
:10AA400048B9B4F90C309A05EED423F0030343F06F
:10AA50000203A381E2E7A389206043F08003A3817E
:10AA6000019BC4E904075BB1B4F90E10304600F055
:10AA70001DF828B1A38923F0030343F00103A38148
:10AA8000A3891D43A581CFE738B5074D00230446B0
:10AA9000084611462B60F7F78BFC431C02D12B684C
:10AAA00003B1236038BD00BF800B002038B5064DD0
:10AAB0000023044608462B60F7F78AFC431C02D1AA
:10AAC0002B6803B1236038BD800B002008B52DED45
:10AAD000028BB0EE408AF0EE608A00F031F830B9B7
:10AAE000B0EE688AB0EE480ABDEC028B08BDB0EE4D
:10AAF000680A00F025F80028F4D0B4EEE88AF1EEF8
:10AB000010FAEDDDEEE708B52DED028BB0EE408AD0
:10AB1000F0EE608A00F014F830B9B0EE688AB0EE5A
:10AB2000480ABDEC028B08BDB0EE680A00F008F8D8
:10AB30000028F4D0B4EEE88AF1EE10FAEDD5EEE795
:10AB400010EE103A33F000400DD0A0F50003B3F141
:10AB5000FE4F0AD3074B421E9A4208D9A0F1FF4389
:10AB60005842584170470220704704207047032024
:10AB7000704700BFFEFF7F00F8B500BFF8BC08BCFF
:10AB80009E467047F8B500BFF8BC08BC9E467047AB
:10AB90005B256C642C256C645D0D0A003333363004
:10ABA0002032353132323400546F6F4C6F770000F1
:10ABB00000000000252E316656202573252E3366B1
:10ABC0004100000020420000204600004C3A25646D
:10ABD00025730000523A2564257300004D6F746F91
:10ABE000722050574D204C3A256400004D6F746F11
:10ABF000722050574D20523A2564000053657276FA
:10AC00006F313A2564000000536572766F323A2541
:10AC100064000000000000000000000000000000D0
:10AC20000000000000000000000000000000000024
:10AC300000000000000000000000000C000C000CF0
:10AC4000000C000C000C000C000C000C000C000CA4
:10AC50000000000C000C0000000000000000001BC1
:10AC6000001B001B001B001B000000000000000078
:10AC700000000000000000000000000000000000D4
:10AC800000008019801980198019C07FC07F801949
:10AC90000033C07FC07F0033003300330033000037
:10ACA000000000000000001E003F807580650074F9
:10ACB000003C001E00078005806580658075003FB0
:10ACC000001E0004000400000000007000D840D8FE
:10ACD000C0D880D900730006000C801BC036C06647
:10ACE000C046C00680030000000000000000001EF7
:10ACF000003F003300330033001E000CC03CC06630
:10AD0000806380618063C03E801C00000000000002
:10AD10000000000C000C000C000C000C00000000F7
:10AD20000000000000000000000000000000000023
:10AD3000000000008000000100030006000600047F
:10AD4000000C000C000C000C000C000C00040006B1
:10AD50000006000300018000002000100018000C15
:10AD6000000C0004000600060006000600060006AF
:10AD70000004000C000C0018001000200000000C63
:10AD8000002D003F001E0033000000000000000006
:10AD900000000000000000000000000000000000B3
:10ADA000000000000000000C000C000C000CC0FFB4
:10ADB000C0FF000C000C000C000C000000000000A4
:10ADC0000000000000000000000000000000000083
:10ADD0000000000000000000000000000000000C67
:10ADE000000C000400040008000000000000000047
:10ADF00000000000000000000000001E001E000017
:10AE00000000000000000000000000000000000042
:10AE10000000000000000000000000000000000032
:10AE2000000000000000000C000C0000000000000A
:10AE300000000003000300030006000600060006F1
:10AE4000000C000C000C000C00180018001800008A
:10AE5000000000000000001E003F003380618061A0
:10AE60008061806D806D8061806180610033003F12
:10AE7000001E00000000000000000006000E001E82
:10AE80000036002600060006000600060006000642
:10AE90000006000600060000000000000000001E82
:10AEA000003F807380618061800100030006000C18
:10AEB000001800300060807F807F000000000000EC
:10AEC0000000001C003E006300630003000E000E43
:10AED00000038001800180618073003F001E00003C
:10AEE0000000000000000006000E000E001E001E04
:10AEF0000016003600360066807F807F0006000660
:10AF000000060000000000000000007F007F0060DD
:10AF100000600060006E007F8063800180018061BE
:10AF20008073003F001E0000000000000000001EB3
:10AF3000003F803380610060006E007F807380611D
:10AF4000806180618033003F001E0000000000002F
:10AF50000000807F807F8001000300030006000660
:10AF6000000C000C000C000800180018001800006D
:10AF7000000000000000001E003F806380618061CF
:10AF80000021001E003F8061806180618061003F80
:10AF9000001E0000000000000000001E003F0073C3
:10AFA0008061806180618073803F801D800180614D
:10AFB0000073003F001E00000000000000000000C1
:10AFC000000000000000000C000C00000000000069
:10AFD000000000000000000C000C00000000000059
:10AFE000000000000000000000000000000C000C49
:10AFF00000000000000000000000000C000C000435
:10B000000004000800000000000000008000800331
:10B01000000E003800600038000E80038000000041
:10B020000000000000000000000000000000000020
:10B030000000807F807F00000000807F807F000014
:10B040000000000000000000000000000000000000
:10B050000000000000400070001C00078001000795
:10B06000001C007000400000000000000000000014
:10B070000000001F803FC071C060C000C00180039D
:10B080000007000E000C000C0000000C000C00007B
:10B09000000000000000001E003F803180718063CE
:10B0A000806F806D806D806F806700600032003E31
:10B0B000001C0000000000000000000E000E001B3D
:10B0C000001B001B001B80318031803F803F80319E
:10B0D000C060C060C0600000000000000000007C94
:10B0E000007E0063006300630063007E007E0063F7
:10B0F000806180618063007F007E000000000000AE
:10B100000000001E003F8031806100600060006030
:10B1100000600060006080618031003F001E000020
:10B12000000000000000007C007F006380638061FD
:10B130008061806180618061806100630063007E66
:10B14000007C0000000000000000807F807F006025
:10B15000006000600060007F007F006000600060B1
:10B160000060807F807F0000000000000000807F82
:10B17000807F0060006000600060007F007F0060F2
:10B1800000600060006000600060000000000000DF
:10B190000000001E003F80318061006000600060A0
:10B1A00080638063806180618031803F001E000089
:10B1B000000000000000806180618061806180612A
:10B1C0008061807F807F806180618061806180613B
:10B1D00080610000000000000000003F003F000C04
:10B1E000000C000C000C000C000C000C000C000CFF
:10B1F000000C003F003F0000000000000000800144
:10B200008001800180018001800180018001800136
:10B21000806180618073003F001E0000000000001C
:10B220000000C0608061006300660066006C00780A
:10B23000007C00660066006380618061C060000081
:10B24000000000000000006000600060006000601E
:10B250000060006000600060006000600060807F4F
:10B26000807F0000000000000000C071C071C07B42
:10B27000C07AC06AC06AC06EC064C060C060C0608E
:10B28000C060C060C060000000000000000080716D
:10B290008071807980798079806D806D806D806526
:10B2A0008067806780678063806300000000000023
:10B2B0000000001E003F003380618061806180617A
:10B2C00080618061806180610033003F001E00006A
:10B2D000000000000000007E007F806380618061CC
:10B2E00080618063007F007E00600060006000601D
:10B2F00000600000000000000000001E003F00335E
:10B30000806180618061806180618061806580672B
:10B310000033803F401E0000000000000000007E5F
:10B32000007F8063806180618063007F007E0066B3
:10B330000063006380618061C06000000000000065
:10B340000000000E001F8031803100300038001EE8
:10B3500000078003806180618031003F001E000093
:10B36000000000000000C0FFC0FF000C000C000C3B
:10B37000000C000C000C000C000C000C000C000C6D
:10B38000000C00000000000000008061806180610E
:10B3900080618061806180618061806180618061A5
:10B3A0008073003F001E0000000000000000C0602D
:10B3B000C060C060803180318031001B001B001BE9
:10B3C000001B000E000E000E000400000000000034
:10B3D0000000C0C0C0C0C0C0C0C0C0C0C0CC804C95
:10B3E000804C805E8052805280738061806100005A
:10B3F000000000000000C0C0806080610033003B9E
:10B40000001E000C000C001E001F003B80718061BC
:10B41000C0C00000000000000000C0C0806180616A
:10B4200000330033001E001E000C000C000C000C4A
:10B43000000C000C000C0000000000000000803F29
:10B44000803F8001000300030006000C000C001880
:10B45000001800300060807F807F00000000000046
:10B46000000F000F000C000C000C000C000C000C76
:10B47000000C000C000C000C000C000C000C000C6C
:10B48000000F000F0000001800180018000C000C3E
:10B49000000C000C00060006000600060003000376
:10B4A0000003000000000000001E001E0006000651
:10B4B000000600060006000600060006000600065C
:10B4C0000006000600060006001E001E0000000C1C
:10B4D000000C001E00120033003380618061000008
:10B4E000000000000000000000000000000000005C
:10B4F000000000000000000000000000000000004C
:10B50000000000000000000000000000000000003B
:10B51000E0FF0000000000380018000C00000000F0
:10B52000000000000000000000000000000000001B
:10B53000000000000000000000000000000000000B
:10B540000000001F803F80618001801F803F80617C
:10B550008063807FC03800000000000000000060B1
:10B56000006000600060006E007F80738061806119
:10B57000806180618073007F006E00000000000029
:10B5800000000000000000000000001E003F80736B
:10B5900080610060006080618073003F001E0000D9
:10B5A0000000000000008001800180018001801DFA
:10B5B000803F807380618061806180618073803FA3
:10B5C000801D0000000000000000000000000000DE
:10B5D0000000001E003F00738061807F807F00605C
:10B5E0008071003F001E0000000000000000C00746
:10B5F000C00F000C000C807F807F000C000C000C42
:10B60000000C000C000C000C000C000000000000FE
:10B610000000000000000000801D803F80738061FA
:10B620008061806180618073803F801D80018063C4
:10B63000007F003E00000060006000600060006F5E
:10B64000807F8071806180618061806180618061C4
:10B6500080610000000000000000000600060000FD
:10B660000000003E003E0006000600060006000640
:10B6700000060006000600000000000000060006AC
:10B6800000000000003E003E000600060006000626
:10B69000000600060006000600060046007E003C8C
:10B6A0000000006000600060006080610063006670
:10B6B000006C007C0076006300638061C060000065
:10B6C000000000000000003E003E000600060006EC
:10B6D000000600060006000600060006000600063A
:10B6E0000006000000000000000000000000000054
:10B6F000000080DDC0FFC0CEC0CCC0CCC0CCC0CC70
:10B70000C0CCC0CCC0CC0000000000000000000095
:10B71000000000000000006F807F80718061806108
:10B7200080618061806180618061000000000000B4
:10B7300000000000000000000000001E003F8073B9
:10B7400080618061806180618073003F001E000025
:10B75000000000000000000000000000006E007FFC
:10B76000807380618061806180618073007F006E82
:10B770000060006000600060000000000000000049
:10B78000801D803F807380618061806180618073F3
:10B79000803F801D80018001800180010000000049
:10B7A0000000000000000067803F003900300030DA
:10B7B0000030003000300030003000000000000099
:10B7C00000000000000000000000001E803F8061BB
:10B7D0000060007F803F80018061007F001E0000CC
:10B7E0000000000000000000000800180018007FA2
:10B7F000007F001800180018001800180018801F9B
:10B80000800F0000000000000000000000000000A9
:10B810000000806180618061806180618061806101
:10B820008063807F803D0000000000000000000079
:10B83000000000000000C060803180318031001BBA
:10B84000001B001B000E000E0006000000000000A0
:10B850000000000000000000000080DD80DD80DDD1
:10B8600000550055005500770077002200220000A7
:10B8700000000000000000000000000000008061E7
:10B8800000330033001E000C000C001E0033003398
:10B8900080610000000000000000000000000000C7
:10B8A00080618061803100330033001B001B001B6E
:10B8B000000E000E000E001C007C00700000000056
:10B8C000000000000000C07FC07F80010003000670
:10B8D000000C00180030C07FC07F00000000000096
:10B8E0008003800700060006000600060006000E22
:10B8F000001C001C000E00060006000600060006E4
:10B900008007800300060006000600060006000609
:10B9100000060006000600060006000600060006F7
:10B9200000060006000600060038003C000C000C73
:10B93000000C000C000C000E00070007000E000CAD
:10B94000000C000C000C000C003C00380000000053
:10B95000000000000000000000008038807F0047E9
:10B9600000000000000000000000000000000000D7
:10B9700000000000000000000000000000000000C7
:10B9800000200020002000200020000000200000F7
:10B9900000500050005000000000000000000000B7
:10B9A0000050005000F8005000F800500050000017
:10B9B0000020007800A00070002800F000200000A7
:10B9C00000C000C8001000200040009800180000CF
:10B9D000004000A000A0004000A800900068000007
:10B9E0000030003000200040000000000000000097
:10B9F0000010002000400040004000200010000027
:10BA00000040002000100010001000200040000046
:10BA1000002000A8007000F8007000A800200000BE
:10BA200000000020002000F800200020000000009E
:10BA30000000000000000000003000300020000086
:10BA400000000000000000F80000000000000000FE
:10BA50000000000000000000000000300030000086
:10BA600000000008001000200040008000000000DE
:10BA700000700088009800A800C8008800700000CE
:10BA80000020006000200020002000200070000046
:10BA900000700088000800700080008000F800003E
:10BAA00000F8000800100030000800880070000056
:10BAB000001000300050009000F80010001000004E
:10BAC00000F8008000F00008000800880070000006
:10BAD00000380040008000F00088008800700000FE
:10BAE00000F800080008001000200040008000005E
:10BAF00000700088008800700088008800700000D6
:10BB000000700088008800780008001000E0000045
:10BB100000000000002000000020000000000000E5
:10BB20000000000000200000002000200040000075
:10BB30000008001000200040002000100008000055
:10BB40000000000000F8000000F800000000000005
:10BB500000400020001000080010002000400000FD
:10BB60000070008800080030002000000020000065
:10BB70000070008800A800B800B0008000780000C5
:10BB8000002000500088008800F80088008800002D
:10BB900000F00088008800F00088008800F00000B5
:10BBA0000070008800800080008000880070000025
:10BBB00000F00088008800880088008800F00000FD
:10BBC00000F80080008000F00080008000F8000095
:10BBD00000F80080008000F00080008000800000FD
:10BBE00000780088008000800098008800780000BD
:10BBF00000880088008800F800880088008800001D
:10BC000000700020002000200020002000700000B4
:10BC100000380010001000100010009000600000BC
:10BC20000088009000A000C000A0009000880000E4
:10BC300000800080008000800080008000F800000C
:10BC4000008800D800A800A800A80088008800008C
:10BC50000088008800C800A80098008800880000BC
:10BC6000007000880088008800880088007000004C
:10BC700000F00088008800F0008000800080000054
:10BC8000007000880088008800A80090006800000C
:10BC900000F00088008800F000A0009000880000FC
:10BCA00000700088008000700008008800700000AC
:10BCB00000F800A800200020002000200020000044
:10BCC00000880088008800880088008800700000D4
:10BCD000008800880088008800880050002000004C
:10BCE00000880088008800A800A800A80050000074
:10BCF0000088008800500020005000880088000064
:10BD00000088008800500020002000200020000053
:10BD100000F80008001000700040008000F80000EB
:10BD200000780040004000400040004000780000E3
:10BD3000000000800040002000100008000000000B
:10BD400000780008000800080008000800780000DB
:10BD500000200050008800000000000000000000EB
:10BD600000000000000000000000000000F80000DB
:10BD700000600060002000100000000000000000D3
:10BD800000000000006000100070009000780000CB
:10BD90000080008000B000C8008800C800B000002B
:10BDA0000000000000700088008000880070000023
:10BDB00000080008006800980088009800680000EB
:10BDC000000000000070008800F800800070000093
:10BDD000001000280020007000200020002000003B
:10BDE0000000000000700098009800680008000043
:10BDF0000080008000B000C8008800880088000033
:10BE000000200000006000200020002000700000E2
:10BE100000100000001000100010009000600000F2
:10BE200000800080009000A000C000A000900000F2
:10BE30000060002000200020002000200070000092
:10BE40000000000000D000A800A800A800A8000082
:10BE50000000000000B000C80088008800880000D2
:10BE6000000000000070008800880088007000005A
:10BE70000000000000B000C800C800B00080000052
:10BE800000000000006800980098006800080000AA
:10BE90000000000000B000C80080008000800000AA
:10BEA00000000000007800800070000800F0000032
:10BEB0000020002000F800200020002800100000D2
:10BEC00000000000008800880088009800680000DA
:10BED000000000000088008800880050002000005A
:10BEE000000000000088008800A800A800500000A2
:10BEF0000000000000880050002000500088000072
:10BF00000000000000880088007800080088000019
:10BF10000000000000F800100020004000F80000C1
:10BF20000010002000200040002000200010000031
:10BF30000020002000200000002000200020000041
:10BF400000400020002000100020002000400000E1
:10BF5000004000A8001000000000000000000000E9
:10BF60000608000070B90008000000000B12000075
:10BF700014AC0008000000000000000000000000F9
:10BF8000010203040607080900000000010203047F
:10BF90000006101600061016494E4600696E66002F
:10BFA0004E414E006E616E00300030313233343518
:10BFB0003637383941424344454600303132333414
:10BFC000353637383961626364656600496E666983
:10BFD0006E697479004E614E005245454E54206D95
:10BFE000616C6C6F63207375636365656465640081
:10BFF0002F6275696C642F676E752D746F6F6C732B
:10C000002D666F722D73746D33325F31332E332E84
:10C0100072656C312E32303235303532332D303955
:10C0200030302F7372632F6E65776C69622F6E6587
:10C03000776C69622F6C6962632F7374646C6962D8
:10C040002F64746F612E630042616C6C6F632073A8
:10C050007563636565646564002F6275696C642F40
:10C06000676E752D746F6F6C732D666F722D7374A0
:10C070006D33325F31332E332E72656C312E323098
:10C080003235303532332D303930302F7372632FE3
:10C090006E65776C69622F6E65776C69622F6C696B
:10C0A00062632F7374646C69622F6D707265632EA6
:10C0B0006300232D302B2000686C4C0065666745BB
:10C0C0004647004300504F534958002E002C20662D
:10C0D000756E6374696F6E3A200061737365727474
:10C0E000696F6E2022257322206661696C65643A4F
:10C0F0002066696C6520222573222C206C696E6590
:10C10000202564257325730A000000000500000047
:10C11000190000007D0000000080E03779C3414332
:10C12000176E05B5B5B89346F5F93FE9034F384D9D
:10C13000321D30F94877825A3CBF737FDD4F157549
:10C14000000000000000F03F00000000000024405C
:10C1500000000000000059400000000000408F4037
:10C16000000000000088C34000000000006AF840A2
:10C170000000000080842E4100000000D0126341C6
:10C180000000000084D797410000000065CDCD413C
:10C19000000000205FA00242000000E8764837421D
:10C1A000000000A2941A6D42000040E59C30A242BB
:10C1B0000000901EC4BCD64200003426F56B0C4330
:10C1C0000080E03779C3414300A0D88557347643D7
:10C1D00000C84E676DC1AB43003D9160E458E14338
:10C1E000408CB5781DAF154450EFE2D6E41A4B44AD
:10C1F00092D54D06CFF08044F64AE1C7022DB544F2
:10C20000B49DD9794378EA440020202020202020C2
:10C2100020202828282828202020202020202020F6
:10C220002020202020202020208810101010101006
:10C230001010101010101010100404040404040452
:10C2400004040410101010101010414141414141EC
:10C2500001010101010101010101010101010101CE
:10C2600001010101101010101010424242424242DE
:10C27000020202020202020202020202020202029E
:10C280000202020210101010200000000000000046
:10C29000000000000000000000000000000000009E
:10C2A000000000000000000000000000000000008E
:10C2B000000000000000000000000000000000007E
:10C2C000000000000000000000000000000000006E
:10C2D000000000000000000000000000000000005E
:10C2E000000000000000000000000000000000004E
:10C2F000000000000000000000000000000000003E
:0CC3000000000000000000000000000031
:08C30C00C43EFF7F01000000A8
:04C31400B501000867
:04C318009101000887
:10C31C000024F400100000000100000000000000E8
:10C32C0003000000440A00201C0000200000000054
:10C33C00440A0020AC0A0020140B0020000000006E
:10C34C0000000000000000000000000000000000E1
:10C35C0000000000000000000000000000000000D1
:10C36C0000000000000000000000000000000000C1
:10C37C00000000000000000043000000000000006E
:10C38C0000000000000000000000000000000000A1
:10C39C00000000000000000043000000000000004E
:10C3AC000000000000000000000000000000000081
:10C3BC00000000000000000043000000000000002E
:10C3CC000000000000000000000000000000000061
:10C3DC00000000000000000043000000000000000E
:10C3EC000000000000000000000000000000000041
:10C3FC0000000000000000004300000000000000EE
:10C40C000000000000000000000000000000000020
:10C41C0000000000000000004300000000000000CD
:10C42C000000000000000000000000000000000000
:10C43C0000000000000000004300000000000000AD
:10C44C0000000000000000000000000000000000E0
:10C45C00000000000000000035A50008B5A400088D
:10C46C000000000008C20008CBC0000808C100088A
:10C47C0008C1000808C1000808C1000808C100086C
:10C48C0008C1000808C1000808C1000808C100085C
:10C49C00FFFFFFFFFFFFFFFFFFFFFFFFFFFF00009E
:10C4AC000100415343494900000000000000000016
:10C4BC000000000000000000000000000000000070
:10C4CC0000004153434949000000000000000000F7
:10C4DC000000000000000000000000000000000050
:04C4EC00000000004C
:0400000508002DB111
:00000001FF
